Rk,Player,Age,Team,Pos,G,GS,MP,FG,FGA,FG%,3P,3PA,3P%,2P,2PA,2P%,eFG%,FT,FTA,FT%,ORB,DRB,TRB,AST,STL,BLK,TOV,PF,PTS,Awards
1,Tracy McGrady,24,ORL,SG,67,67,39.9,9.7,23.4,0.417,2.6,7.7,0.339,7.1,15.7,0.455,0.473,5.9,7.5,0.796,1.4,4.6,6,5.5,1.4,0.6,2.7,1.9,28,"AS,NBA2"
2,Allen Iverson,28,PHI,SG,48,47,42.5,9.1,23.4,0.387,1.2,4.1,0.286,7.9,19.3,0.408,0.412,7.1,9.5,0.745,0.7,3,3.7,6.8,2.4,0.1,4.4,1.8,26.4,AS
3,Kevin Garnett,27,MIN,PF,82,82,39.4,9.8,19.6,0.499,0.1,0.5,0.256,9.7,19.1,0.506,0.502,4.5,5.7,0.791,3,10.9,13.9,5,1.5,2.2,2.6,2.5,24.2,"MVP-1,DPOY-6,AS,NBA1"
4,Peja Stojaković,26,SAC,SF,81,81,40.3,8.2,17.1,0.48,3,6.8,0.433,5.2,10.3,0.511,0.566,4.9,5.2,0.927,1.1,5.1,6.3,2.1,1.3,0.2,1.9,2,24.2,"MVP-4,AS,NBA2"
5,Kobe Bryant,25,LAL,SG,65,64,37.6,7.9,18.1,0.438,1.1,3.3,0.327,6.8,14.8,0.463,0.468,7,8.2,0.852,1.6,3.9,5.5,5.1,1.7,0.4,2.6,2.7,24,"MVP-5,DPOY-10,AS,NBA1"
6,Ray Allen,28,SEA,SG,56,56,38.4,8,18.2,0.44,2.6,6.8,0.392,5.3,11.4,0.468,0.512,4.4,4.8,0.904,1.2,3.9,5.1,4.8,1.3,0.2,2.8,2.4,23,AS
7,Paul Pierce,26,BOS,SG,80,80,38.7,7.5,18.7,0.402,1.4,4.8,0.299,6.1,13.9,0.438,0.441,6.5,7.9,0.819,0.9,5.7,6.5,5.1,1.6,0.7,3.8,2.9,23,AS
8,Baron Davis,24,NOH,PG,67,66,40.1,8.3,20.9,0.395,2.8,8.7,0.321,5.5,12.2,0.448,0.462,3.5,5.3,0.673,1,3.3,4.3,7.5,2.4,0.4,3.2,2.7,22.9,"MVP-10,AS,NBA3"
9,Vince Carter,27,TOR,SG,73,73,38.2,8.3,20,0.417,1.3,3.3,0.383,7.1,16.6,0.424,0.449,4.6,5.7,0.806,1.3,3.5,4.8,4.8,1.2,0.9,3.1,2.9,22.5,AS
10,Tim Duncan,27,SAS,PF,69,68,36.6,8.6,17.1,0.501,0,0.2,0.167,8.6,16.9,0.505,0.502,5.1,8.5,0.599,3.3,9.2,12.4,3.1,0.9,2.7,2.7,2.4,22.3,"MVP-2,DPOY-7,AS,NBA1"
11,Dirk Nowitzki,25,DAL,C,77,77,37.9,7.9,17,0.462,1.3,3.8,0.341,6.6,13.2,0.496,0.5,4.8,5.5,0.877,1.2,7.5,8.7,2.7,1.2,1.4,1.8,2.8,21.8,"MVP-10,AS,NBA3"
12,Michael Redd,24,MIL,SG,82,82,36.8,7.7,17.5,0.44,1.5,4.4,0.35,6.2,13.1,0.47,0.484,4.7,5.4,0.868,1.4,3.5,5,2.3,1,0.1,1.4,1.9,21.7,"MVP-14,AS,NBA3"
13,Shaquille O'Neal,31,LAL,C,67,67,36.8,8.3,14.1,0.584,0,0,,8.3,14.1,0.584,0.584,4.9,10.1,0.49,3.7,7.8,11.5,2.9,0.5,2.5,2.9,3.4,21.5,"MVP-6,DPOY-10,AS,NBA1"
14,Carmelo Anthony,19,DEN,SF,82,82,36.5,7.6,17.9,0.426,0.8,2.6,0.322,6.8,15.3,0.444,0.449,5,6.4,0.777,2.2,3.8,6.1,2.8,1.2,0.5,3,2.7,21,"MVP-14,ROY-2"
15,LeBron James,19,CLE,SG,79,79,39.5,7.9,18.9,0.417,0.8,2.7,0.29,7.1,16.1,0.438,0.438,4.4,5.8,0.754,1.3,4.2,5.5,5.9,1.6,0.7,3.5,1.9,20.9,"MVP-9,ROY-1"
16,Jamal Mashburn,31,NOH,SF,19,18,38.4,8.2,20.9,0.392,1,3.5,0.284,7.2,17.4,0.414,0.416,3.4,4.2,0.813,1,5.2,6.2,2.5,0.7,0.3,1.9,2.2,20.8,
17,Corey Maggette,24,LAC,SF,73,72,36,6.2,13.9,0.447,1,3.2,0.329,5.2,10.7,0.482,0.485,7.2,8.5,0.848,1.3,4.6,5.9,3.1,0.9,0.2,2.8,3,20.7,
18,Amar'e Stoudemire,21,PHO,PF,55,53,36.8,7.5,15.7,0.475,0,0.1,0.2,7.5,15.6,0.477,0.476,5.6,7.9,0.713,2.9,6.2,9,1.4,1.2,1.6,3.2,3.4,20.6,
19,Stephon Marbury,26,2TM,PG,81,81,40.2,7.4,17.1,0.431,1.1,3.4,0.318,6.3,13.7,0.46,0.463,4.4,5.4,0.817,0.7,2.5,3.2,8.9,1.6,0.1,3.1,2.1,20.2,
20,Jermaine O'Neal,25,IND,PF,78,78,35.7,7.8,17.9,0.434,0,0.2,0.111,7.8,17.7,0.438,0.435,4.5,5.9,0.757,2.5,7.5,10,2.1,0.8,2.6,2.3,3.2,20.1,"MVP-3,AS,NBA2"
21,Zach Randolph,22,POR,PF,81,80,37.9,8.2,16.9,0.485,0,0.1,0.2,8.2,16.8,0.486,0.485,3.7,4.9,0.761,3,7.5,10.5,2,0.8,0.5,3,2.8,20.1,MIP-1
22,Elton Brand,24,LAC,PF,69,68,38.7,7,14.2,0.493,0,0,0,7,14.2,0.493,0.493,6,7.7,0.773,3.9,6.4,10.3,3.3,0.9,2.2,2.8,3.3,20,
23,Sam Cassell,34,MIN,PG,81,81,35,7.7,15.7,0.488,0.9,2.3,0.398,6.7,13.4,0.504,0.517,3.6,4.1,0.873,0.5,2.8,3.3,7.3,1.3,0.2,2.7,3,19.8,"MVP-10,AS,NBA2"
24,Gilbert Arenas,22,WAS,PG,55,52,37.6,6.5,16.6,0.392,2.3,6.1,0.375,4.2,10.6,0.401,0.46,4.3,5.8,0.748,1,3.6,4.6,5,1.9,0.2,4.1,3.2,19.6,
25,Shawn Marion,25,PHO,SF,79,79,40.7,7.5,17,0.44,1.1,3.4,0.34,6.3,13.6,0.465,0.474,2.9,3.4,0.851,2.7,6.6,9.3,2.7,2.1,1.3,2,2.6,19,
26,Larry Hughes,25,WAS,SG,61,61,33.8,6.6,16.5,0.397,1.3,3.8,0.341,5.3,12.7,0.414,0.437,4.4,5.5,0.797,1.6,3.8,5.3,2.4,1.6,0.4,2.5,2.4,18.8,
27,Jason Richardson,23,GSW,SG,78,78,37.6,7.2,16.5,0.438,1,3.5,0.282,6.2,13,0.481,0.468,3.3,4.8,0.684,1.6,5.1,6.7,2.9,1.1,0.5,2.5,2.3,18.7,
28,Chris Webber,30,SAC,PF,23,23,36.1,7.6,18.3,0.413,0,0.2,0.2,7.5,18.1,0.416,0.414,3.5,5,0.711,2.1,6.6,8.7,4.6,1.3,0.9,2.6,3.3,18.7,
29,Michael Finley,30,DAL,SG,72,72,38.6,7.1,16.1,0.443,2.1,5.1,0.405,5.1,11,0.461,0.508,2.3,2.7,0.85,1.1,3.4,4.5,2.9,1.2,0.5,1.2,1.6,18.6,
30,Allan Houston,32,NYK,SG,50,50,36,6.8,15.6,0.435,1.7,4,0.431,5.1,11.6,0.437,0.491,3.1,3.4,0.913,0.4,2,2.4,2,0.8,0,2,2.1,18.5,
31,Richard Jefferson,23,NJN,SF,82,82,38.2,6.8,13.6,0.498,0.6,1.6,0.364,6.2,12,0.516,0.519,4.4,5.7,0.763,1.3,4.3,5.7,3.8,1.1,0.3,2.4,2.7,18.5,
32,Mike Bibby,25,SAC,PG,82,82,36.3,6.4,14.3,0.45,1.8,4.6,0.392,4.6,9.7,0.479,0.514,3.7,4.5,0.815,0.8,2.6,3.4,5.4,1.4,0.2,2.1,1.8,18.4,
33,Metta World Peace,24,IND,SF,73,71,37.2,6.4,15.2,0.421,1,3.3,0.31,5.4,11.9,0.452,0.455,4.4,6,0.733,1.4,3.9,5.3,3.7,2.1,0.7,2.8,2.7,18.3,"DPOY-1,AS,NBA3"
34,Stephen Jackson,25,ATL,SF,80,78,36.8,6.7,15.8,0.425,1.8,5.3,0.34,4.9,10.4,0.469,0.483,2.9,3.7,0.785,1.2,3.4,4.6,3.1,1.8,0.3,2.8,2.7,18.1,
35,Rashard Lewis,24,SEA,SF,80,80,36.6,6.7,15.4,0.435,1.8,4.8,0.376,4.9,10.5,0.463,0.494,2.6,3.4,0.763,1.7,4.8,6.5,2.2,1.2,0.7,1.7,2.9,17.8,
36,Pau Gasol,23,MEM,PF,78,78,31.5,6.5,13.4,0.482,0.1,0.2,0.267,6.4,13.3,0.485,0.484,4.7,6.6,0.714,2.6,5.1,7.7,2.5,0.6,1.7,2.4,2.4,17.7,
37,Richard Hamilton,25,DET,SG,78,78,35.5,6.8,14.9,0.455,0.2,0.9,0.265,6.6,14.1,0.466,0.462,3.8,4.4,0.868,1,2.6,3.6,4,1.3,0.2,2.7,2.8,17.6,
38,Yao Ming,23,HOU,C,82,82,32.8,6.5,12.5,0.522,0,0,0,6.5,12.5,0.523,0.522,4.4,5.4,0.809,2.4,6.6,9,1.5,0.3,1.9,2.5,3.3,17.5,"MVP-14,AS,NBA3"
39,Jamal Crawford,23,CHI,SG,80,73,35.1,6.4,16.5,0.386,2.1,6.5,0.317,4.3,10,0.432,0.449,2.5,3,0.833,0.6,3,3.5,5.1,1.4,0.4,2.4,2,17.3,
40,Eddie Jones,32,MIA,SG,81,81,37,5.8,14.3,0.409,2.2,5.9,0.37,3.7,8.4,0.437,0.486,3.4,4.1,0.835,0.5,3.3,3.8,3.2,1.1,0.4,1.6,2.8,17.3,
41,Quentin Richardson,23,LAC,SG,65,64,36,6.5,16.4,0.398,1.8,5.2,0.352,4.7,11.2,0.42,0.454,2.3,3.1,0.74,2.2,4.1,6.4,2.1,1,0.3,2.2,2,17.2,
42,Lamar Odom,24,MIA,PF,80,80,37.5,6.1,14.1,0.43,0.8,2.6,0.298,5.3,11.5,0.46,0.457,4.3,5.7,0.742,2,7.7,9.7,4.1,1.1,0.9,3,3.4,17.1,
43,Juwan Howard,30,ORL,PF,81,77,35.5,6.5,14.4,0.453,0,0,0,6.5,14.4,0.453,0.453,3.9,4.9,0.809,2.1,4.9,7,2,0.7,0.3,2.2,3.5,17,
44,Chauncey Billups,27,DET,PG,78,78,35.4,5,12.8,0.394,1.7,4.3,0.388,3.4,8.5,0.396,0.459,5.2,5.9,0.878,0.4,3.1,3.5,5.7,1.1,0.1,2.4,2.3,16.9,
45,Latrell Sprewell,33,MIN,SF,82,82,37.8,6.3,15.4,0.409,1.2,3.6,0.331,5.1,11.8,0.433,0.448,2.9,3.6,0.814,0.7,3.1,3.8,3.5,1.1,0.3,1.9,1.2,16.8,
46,Jason Terry,26,ATL,PG,81,78,37.3,6.2,14.8,0.417,1.8,5.2,0.347,4.4,9.6,0.455,0.478,2.7,3.2,0.827,0.6,3.5,4.1,5.4,1.5,0.2,2.8,2.4,16.8,
47,Joe Johnson,22,PHO,SG,82,77,40.6,6.8,15.7,0.43,1,3.3,0.305,5.8,12.4,0.463,0.462,2.1,2.8,0.75,1,3.7,4.7,4.4,1.1,0.3,2.4,2.2,16.7,
48,Kenyon Martin,26,NJN,PF,65,62,34.6,6.8,13.8,0.488,0.1,0.4,0.28,6.6,13.5,0.494,0.492,3.1,4.5,0.684,2,7.4,9.5,2.5,1.5,1.3,2.6,3.5,16.7,"DPOY-9,AS"
49,Steve Francis,26,HOU,PG,79,79,40.4,5.7,14.1,0.403,0.9,3.2,0.292,4.8,11,0.435,0.436,4.3,5.5,0.775,1.5,4,5.5,6.2,1.8,0.4,3.7,3.3,16.6,AS
50,Glenn Robinson,31,PHI,SF,42,42,31.8,6.5,14.6,0.448,0.8,2.4,0.34,5.7,12.2,0.469,0.476,2.7,3.3,0.832,1.1,3.4,4.5,1.4,1,0.2,2.5,2.3,16.6,
51,Andrei Kirilenko,22,UTA,PF,78,78,37.1,5.3,11.9,0.443,0.9,2.6,0.338,4.4,9.4,0.471,0.479,5,6.4,0.79,2.9,5.2,8.1,3.1,1.9,2.8,2.8,2.2,16.5,"MVP-13,DPOY-5,AS"
52,Shareef Abdur-Rahim,27,2TM,PF,85,56,31.6,5.9,12.4,0.475,0.1,0.4,0.265,5.8,12,0.482,0.48,4.4,5,0.869,2.2,5.3,7.5,2,0.8,0.4,2.2,2.6,16.3,
53,Matt Harpring,27,UTA,SF,31,31,36.6,6.2,13.2,0.471,0.3,1.1,0.242,6,12.2,0.491,0.48,3.5,5.1,0.688,2.9,5,8,2,0.7,0.1,2.1,3.3,16.2,
54,Dwyane Wade,22,MIA,PG,61,56,34.9,6.1,13.1,0.465,0.3,0.9,0.302,5.8,12.2,0.477,0.475,3.8,5.1,0.747,1.4,2.7,4,4.5,1.4,0.6,3.2,2.3,16.2,ROY-3
55,Keith Van Horn,28,2TM,SF,72,62,32.5,5.7,12.5,0.454,1.3,3.2,0.399,4.4,9.3,0.473,0.506,3.5,4,0.859,2.1,4.9,7,1.7,0.9,0.5,2.3,3,16.1,
56,Rasheed Wallace,29,3TM,PF,68,66,35.1,6.3,14.3,0.436,1.2,3.6,0.331,5,10.7,0.472,0.478,2.3,3.1,0.736,1.5,5.3,6.8,2.3,0.9,1.8,1.8,2.8,16,
57,Cuttino Mobley,28,HOU,SG,80,80,40.4,5.8,13.5,0.426,2.1,5.3,0.39,3.7,8.3,0.448,0.501,2.2,2.7,0.811,0.5,4,4.5,3.2,1.3,0.4,2.3,2.2,15.8,
58,Jalen Rose,31,2TM,SF,66,64,37.8,5.8,14.4,0.402,1,3.1,0.342,4.8,11.4,0.419,0.439,2.8,3.5,0.81,0.5,3.5,4,5,0.8,0.3,3.2,2.8,15.5,
59,Carlos Boozer,22,CLE,PF,75,75,34.6,6.3,12,0.523,0,0.1,0.167,6.3,11.9,0.526,0.524,2.9,3.8,0.768,3.1,8.4,11.4,2,1,0.7,1.8,2.7,15.5,
60,Jason Kidd,30,NJN,PG,67,66,36.6,5.5,14.3,0.384,1.4,4.4,0.321,4.1,9.9,0.411,0.433,3.1,3.7,0.827,1.3,5.1,6.4,9.2,1.8,0.2,3.2,1.6,15.5,"MVP-8,AS,NBA1"
61,Zydrunas Ilgauskas,28,CLE,C,81,81,31.3,5.8,11.9,0.483,0,0.1,0.286,5.7,11.8,0.484,0.484,3.7,5,0.746,3.4,4.6,8.1,1.3,0.5,2.5,2,3.4,15.3,
62,Antawn Jamison,27,DAL,SF,82,2,29,6,11.1,0.535,0.2,0.5,0.4,5.8,10.6,0.541,0.543,2.7,3.6,0.748,2.8,3.5,6.3,0.9,1,0.4,1,2.1,14.8,6MOY-1
63,Andre Miller,27,DEN,PG,82,82,34.6,5.2,11.5,0.457,0.1,0.8,0.185,5.1,10.7,0.477,0.463,4.2,5,0.832,1.5,2.9,4.5,6.1,1.7,0.3,2.6,2.4,14.8,
64,Donyell Marshall,30,2TM,PF,82,74,36.4,5.7,12.4,0.461,1.6,4,0.403,4.1,8.5,0.488,0.525,1.6,2.2,0.736,2.6,7.3,9.9,1.5,1.1,1.5,1.4,3,14.7,
65,Tim Thomas,26,2TM,SF,66,65,31.7,5.5,12.3,0.446,1.1,2.9,0.376,4.4,9.4,0.468,0.491,2.6,3.3,0.784,1,3.9,4.8,1.9,1,0.3,1.8,3,14.7,
66,Eddy Curry,21,CHI,PF,73,63,29.5,5.7,11.5,0.496,0,0,1,5.7,11.5,0.496,0.497,3.2,4.8,0.671,2,4.2,6.2,0.9,0.3,1.1,2.4,3.5,14.7,
67,Tony Parker,21,SAS,PG,75,75,34.4,5.6,12.6,0.447,0.8,2.7,0.312,4.8,10,0.483,0.48,2.5,3.6,0.702,0.6,2.6,3.2,5.5,0.8,0.1,2.4,2,14.7,
68,Gary Payton,35,LAL,PG,82,82,34.5,5.9,12.5,0.471,0.7,2,0.333,5.2,10.5,0.497,0.498,2.2,3.1,0.714,0.9,3.3,4.2,5.5,1.2,0.2,1.8,2.1,14.6,
69,Steve Nash,29,DAL,PG,78,78,33.5,5.1,10.8,0.47,1.3,3.3,0.405,3.8,7.5,0.498,0.531,2.9,3.2,0.916,0.8,2.2,3,8.8,0.9,0.1,2.7,1.8,14.5,
70,Ricky Davis,24,2TM,SF,79,27,31.3,5.6,12,0.469,0.7,1.8,0.371,5,10.3,0.486,0.497,2.5,3.5,0.718,1,3.6,4.5,3.3,1.2,0.3,2.4,2.2,14.4,6MOY-14
71,Desmond Mason,26,MIL,SF,82,31,30.9,5,10.6,0.472,0.1,0.5,0.231,4.9,10.1,0.483,0.477,4.3,5.6,0.769,1.1,3.2,4.4,1.9,0.7,0.3,1.8,2.3,14.4,6MOY-6
72,Voshon Lenard,30,DEN,SG,73,70,30.6,5.4,12.8,0.422,1.5,4,0.367,3.9,8.8,0.447,0.479,2,2.5,0.791,0.6,2.1,2.7,2.1,0.8,0.2,1.4,2.4,14.2,
73,Brad Miller,27,SAC,PF,72,53,36.4,5.2,10.2,0.51,0.2,0.5,0.316,5,9.6,0.521,0.518,3.6,4.6,0.778,2.7,7.7,10.3,4.3,0.9,1.2,2,3.4,14.1,AS
74,Antoine Walker,27,DAL,PF,82,82,34.6,5.9,13.8,0.428,1,3.7,0.269,4.9,10,0.487,0.464,1.3,2.3,0.554,2.4,5.9,8.3,4.5,0.8,0.8,2.5,2.6,14,
75,David Wesley,33,NOH,SG,61,60,32.8,5.1,13.1,0.389,1.5,4.7,0.323,3.6,8.4,0.425,0.446,2.2,3,0.753,0.5,1.7,2.2,2.9,1.2,0.2,1.6,2.4,14,
76,Jerry Stackhouse,29,WAS,SF,26,17,29.8,4.9,12.3,0.399,0.9,2.5,0.354,4,9.8,0.41,0.435,3.2,4,0.806,0.6,3,3.6,4,0.9,0.1,3.4,1.9,13.9,
77,Bobby Jackson,30,SAC,SG,50,0,23.7,5.3,11.8,0.444,1.6,4.4,0.37,3.6,7.5,0.488,0.513,1.6,2.2,0.752,1.1,2.4,3.5,2.1,1,0.2,1.3,2.1,13.8,6MOY-4
78,James Posey,27,MEM,SG,82,82,29.9,4.5,9.4,0.478,1.4,3.5,0.386,3.1,5.9,0.533,0.551,3.4,4.1,0.83,1.1,3.8,4.9,1.5,1.7,0.5,1.4,3,13.7,DPOY-10
79,Derek Anderson,29,POR,SG,51,46,35.5,4.5,12,0.376,1.5,5.1,0.305,3,6.9,0.428,0.44,3,3.7,0.824,0.5,3.1,3.6,4.5,1.3,0.1,1.8,1.5,13.6,
80,Jamaal Magloire,25,NOH,C,82,82,33.9,4.7,9.9,0.473,0,0,0,4.7,9.9,0.474,0.473,4.3,5.7,0.751,3.3,7.1,10.3,1,0.5,1.2,2.5,3.4,13.6,AS
81,Kenny Thomas,26,PHI,PF,74,72,36.5,5.1,11,0.469,0,0.1,0.2,5.1,10.9,0.47,0.469,3.3,4.4,0.752,3.5,6.6,10.1,1.5,1.1,0.4,2.3,3,13.6,
82,Damon Stoudamire,30,POR,PG,82,82,38,5,12.4,0.401,1.9,5.2,0.365,3.1,7.2,0.426,0.477,1.5,1.8,0.876,0.6,3.1,3.8,6.1,1.2,0.1,2.2,2.1,13.4,
83,Al Harrington,23,IND,PF,79,15,30.9,5.3,11.5,0.463,0.3,1,0.273,5.1,10.5,0.481,0.475,2.3,3.2,0.734,2.1,4.4,6.4,1.7,1,0.3,2.1,3.2,13.3,6MOY-2
84,Karl Malone,40,LAL,PF,42,42,32.7,4.6,9.5,0.483,0,0,0,4.6,9.5,0.484,0.483,4,5.4,0.747,1.5,7.3,8.7,3.9,1.2,0.5,2.5,2.8,13.2,
85,Kerry Kittles,29,NJN,SG,82,82,34.7,5.3,11.7,0.453,1.2,3.4,0.351,4.1,8.3,0.493,0.503,1.3,1.7,0.787,0.7,3.3,4,2.5,1.5,0.5,1.2,1.8,13.1,
86,Jim Jackson,33,HOU,SF,80,80,39,4.8,11.3,0.424,2,5.1,0.4,2.8,6.2,0.444,0.514,1.3,1.6,0.843,0.7,5.4,6.1,2.8,1.1,0.3,2.2,2.8,12.9,
87,Manu Ginóbili,26,SAS,SG,77,38,29.4,4.3,10.2,0.418,1.1,3.2,0.359,3.1,7.1,0.445,0.474,3.1,3.9,0.802,1.1,3.4,4.5,3.8,1.8,0.2,2.1,2.4,12.8,6MOY-3
88,Carlos Arroyo,24,UTA,PG,71,71,28.3,4.8,10.8,0.441,0.5,1.6,0.325,4.2,9.2,0.462,0.466,2.5,3.2,0.804,0.6,2,2.6,5,0.9,0.1,2.2,2.3,12.6,
89,Nick Van Exel,32,GSW,PG,39,29,32.2,4.8,12.3,0.39,1.2,3.8,0.307,3.6,8.4,0.429,0.438,1.8,2.5,0.707,0.4,2.3,2.7,5.3,0.5,0.1,2,1.5,12.6,
90,Ronald Murray,24,SEA,PG,82,18,24.6,4.7,11.2,0.425,0.8,2.8,0.293,3.9,8.4,0.469,0.462,2,2.9,0.715,0.5,1.9,2.5,2.5,1,0.3,1.8,1.9,12.4,
91,Erick Dampier,28,GSW,C,74,74,32.5,4.7,8.8,0.535,0,0,0,4.7,8.8,0.537,0.535,2.9,4.5,0.654,4.6,7.3,12,0.8,0.4,1.9,1.8,3.1,12.3,
92,Bonzi Wells,27,2TM,SG,72,27,26,5,11.8,0.427,0.3,1,0.319,4.7,10.8,0.437,0.44,1.9,2.5,0.754,1.1,2.5,3.6,1.9,1.3,0.3,2.2,2.7,12.3,6MOY-12
93,Kirk Hinrich,23,CHI,PG,76,66,35.6,4.2,10.8,0.386,1.9,4.9,0.39,2.3,6,0.383,0.474,1.8,2.2,0.804,0.6,2.9,3.4,6.8,1.3,0.3,2.7,3.6,12,ROY-4
94,Vladimir Radmanović,23,SEA,PF,77,38,30.1,4.5,10.5,0.425,1.8,4.9,0.371,2.7,5.6,0.471,0.511,1.2,1.6,0.748,1.4,3.9,5.3,1.8,1,0.5,1.4,2.4,12,6MOY-15
95,Jeff McInnis,29,2TM,PG,70,57,33.8,4.8,10.7,0.447,0.7,1.8,0.362,4.1,8.9,0.465,0.478,1.6,2,0.797,0.5,2,2.5,6.1,1,0.1,1.7,2.3,11.8,
96,Nenê,21,DEN,PF,77,77,32.5,4.3,8.2,0.53,0,0,0,4.3,8.2,0.532,0.53,3.1,4.6,0.682,2,4.5,6.5,2.2,1.5,0.5,2.4,3.6,11.8,
97,Clifford Robinson,37,GSW,PF,82,82,34.7,4.5,11.5,0.387,1.4,3.8,0.357,3.1,7.7,0.403,0.447,1.5,2.1,0.711,0.7,3.3,3.9,3.3,0.8,0.9,2.1,2.9,11.8,DPOY-8
98,Mike Dunleavy,23,GSW,SF,75,69,31.1,4.3,9.6,0.449,1.3,3.4,0.37,3.1,6.2,0.491,0.514,1.8,2.5,0.741,1.2,4.7,5.9,2.9,0.9,0.2,1.9,2.3,11.7,
99,Drew Gooden,22,ORL,PF,79,17,27,4.7,10.5,0.445,0.1,0.5,0.214,4.6,10,0.457,0.451,2.1,3.3,0.637,2,4.5,6.5,1.1,0.8,0.9,1.6,2.5,11.6,
100,Chris Bosh,19,TOR,C,75,63,33.5,4.4,9.5,0.459,0.1,0.2,0.357,4.3,9.3,0.461,0.463,2.7,3.8,0.701,2.5,4.9,7.4,1,0.8,1.4,1.4,2.9,11.5,ROY-5
101,Maurice Taylor,27,HOU,PF,75,10,27.7,4.9,10.2,0.48,0,0,0,4.9,10.2,0.481,0.48,1.7,2.3,0.736,1.7,3.4,5.1,1.4,0.6,0.6,2,3.4,11.5,6MOY-10
102,DeShawn Stevenson,22,2TM,SF,80,78,30.6,4.7,10.9,0.432,0.2,0.9,0.268,4.5,10,0.446,0.443,1.7,2.6,0.676,1,2.7,3.7,2,0.7,0.2,1.5,1.8,11.4,
103,Gordan Giriček,26,2TM,SF,73,43,28,4.3,9.9,0.436,0.8,2.1,0.395,3.5,7.8,0.448,0.478,1.8,2.2,0.854,0.7,2.4,3.1,1.7,0.8,0.2,1.4,2,11.3,
104,Jason Collier,26,ATL,C,20,16,27.3,4,8.3,0.479,0.1,0.2,0.25,3.9,8.1,0.484,0.482,3.4,4.3,0.788,1.8,3.8,5.6,0.9,0.6,0.6,1.6,3.6,11.3,
105,Raja Bell,27,UTA,SG,82,4,24.6,4,9.8,0.409,0.8,2,0.373,3.3,7.8,0.418,0.447,2.4,3,0.786,0.7,2.2,2.9,1.3,0.8,0.2,1.4,3.2,11.2,6MOY-9
106,Mike Miller,23,MEM,SF,65,65,27.2,4.2,9.5,0.438,1.2,3.3,0.372,2.9,6.2,0.474,0.503,1.6,2.2,0.723,0.6,2.7,3.3,3.6,0.9,0.2,1.6,2.5,11.1,
107,Kurt Thomas,31,NYK,PF,80,75,31.9,4.9,10.4,0.473,0,0,0,4.9,10.3,0.475,0.473,1.3,1.6,0.835,1.8,6.5,8.3,1.9,0.7,1,1.7,3.7,11.1,
108,Darius Miles,22,2TM,SF,79,56,26.3,4.6,9.5,0.485,0.1,0.5,0.175,4.5,9,0.502,0.489,1.6,2.4,0.642,1.4,3.1,4.5,2.1,0.8,0.8,1.6,2.1,10.9,
109,Kwame Brown,21,WAS,PF,74,57,30.3,3.9,8,0.489,0,0,0.5,3.9,7.9,0.489,0.49,3.1,4.5,0.683,2.4,5,7.4,1.5,0.9,0.7,1.9,1.9,10.9,
110,Joe Smith,28,MIL,PF,76,76,29.7,4.1,9.3,0.439,0,0.1,0.2,4.1,9.3,0.441,0.44,2.7,3.2,0.859,3,5.4,8.5,1,0.6,1.2,1.1,2.8,10.9,
111,Jason Williams,28,MEM,PG,72,68,29.4,4,9.9,0.407,1.7,5.1,0.33,2.4,4.8,0.487,0.491,1.1,1.4,0.837,0.3,1.7,2,6.8,1.3,0.1,1.9,1.3,10.9,
112,Brent Barry,32,SEA,SG,59,53,30.6,3.6,7.2,0.504,1.9,4.3,0.452,1.7,3,0.577,0.637,1.5,1.9,0.827,0.4,3.1,3.5,5.8,1.4,0.3,2.4,2.1,10.8,
113,Darrell Armstrong,35,NOH,PG,79,22,28.4,3.7,9.3,0.395,1.7,5.4,0.315,2,3.9,0.508,0.487,1.6,1.8,0.854,0.8,2.1,2.9,3.9,1.7,0.2,2,1.9,10.6,6MOY-13
114,Speedy Claxton,25,GSW,PG,60,29,26.6,3.7,8.7,0.427,0.1,0.4,0.182,3.7,8.4,0.438,0.431,3,3.7,0.813,0.6,2,2.6,4.5,1.6,0.2,1.7,2.4,10.6,
115,P.J. Brown,34,NOH,PF,80,80,34.4,4.2,8.9,0.476,0,0,0,4.2,8.9,0.477,0.476,2,2.3,0.854,3,5.7,8.6,1.9,1,0.9,1.3,2.5,10.5,
116,Tyronn Lue,26,ORL,PG,76,69,30.7,4.1,9.4,0.433,1.1,2.8,0.383,3,6.6,0.453,0.489,1.3,1.7,0.771,0.3,2.1,2.5,4.2,0.8,0.1,1.6,2.4,10.5,
117,Brian Skinner,27,MIL,C,56,54,28.2,4.6,9.2,0.497,0,0,,4.6,9.2,0.497,0.497,1.4,2.5,0.572,2.1,5.2,7.3,0.9,0.5,1.1,1.4,2.9,10.5,
118,Mark Blount,28,BOS,C,82,73,29.3,4.2,7.4,0.566,0,0,,4.2,7.4,0.566,0.566,1.9,2.7,0.719,2.5,4.7,7.2,0.9,1,1.3,1.8,3.1,10.3,
119,Tayshaun Prince,23,DET,SF,82,80,32.9,4.1,8.8,0.467,0.7,1.9,0.363,3.4,6.9,0.496,0.507,1.3,1.7,0.766,1.1,3.6,4.8,2.3,0.8,0.8,1.5,1.8,10.3,
120,Eric Snow,30,PHI,PG,82,82,36.2,3.6,8.7,0.413,0,0.2,0.111,3.6,8.5,0.42,0.414,3.1,3.9,0.797,0.8,2.7,3.4,6.9,1.2,0.1,2.3,2.6,10.3,
121,Rafer Alston,27,MIA,PG,82,28,31.5,3.5,9.3,0.376,2,5.3,0.371,1.5,4,0.382,0.481,1.3,1.6,0.769,0.3,2.4,2.8,4.5,1.4,0.2,1.6,2.6,10.2,6MOY-7
122,Earl Boykins,27,DEN,SG,82,3,22.5,3.9,9.3,0.419,0.7,2.1,0.322,3.2,7.3,0.447,0.455,1.7,2,0.877,0.5,1.2,1.7,3.6,0.6,0,1.2,1,10.2,6MOY-5
123,Chris Crawford,28,ATL,PF,56,25,21.6,3.8,8.4,0.448,0.8,2,0.389,3,6.4,0.466,0.495,1.8,2.1,0.866,1,2.1,3.1,0.8,0.7,0.4,1,2.3,10.2,
124,Wally Szczerbiak,26,MIN,SF,28,0,22.2,3.8,8.4,0.449,0.7,1.6,0.435,3.1,6.8,0.453,0.492,1.9,2.3,0.828,0.9,2.3,3.1,1.2,0.4,0,1,1.5,10.2,
125,Doug Christie,33,SAC,SG,82,82,33.9,3.9,8.4,0.461,0.6,1.7,0.345,3.3,6.7,0.491,0.496,1.8,2.1,0.86,0.8,3.2,4,4.2,1.8,0.5,1.9,2.3,10.1,
126,Eric Williams,31,2TM,SF,71,36,26.6,3.3,8.4,0.386,0.5,1.8,0.276,2.8,6.6,0.416,0.416,3,4,0.76,0.9,3.1,4,1.7,1,0.1,1.2,2.5,10,
127,Reggie Miller,38,IND,SG,80,80,28.2,3.3,7.4,0.438,1.7,4.2,0.401,1.6,3.3,0.485,0.551,1.8,2.1,0.885,0.2,2.1,2.4,3.1,0.8,0.1,0.9,1.2,10,
128,Troy Murphy,23,GSW,PF,28,0,21.8,3.8,8.7,0.44,0.2,0.6,0.294,3.6,8.1,0.451,0.451,2.1,2.9,0.75,1.7,4.5,6.2,0.7,0.4,0.6,1.2,2.1,10,
129,Vlade Divac,35,SAC,C,81,81,28.6,3.9,8.2,0.47,0,0.2,0.154,3.9,8.1,0.476,0.472,2.1,3.2,0.654,1.7,4,5.7,5.3,0.7,1,2.1,2.7,9.9,
130,Vin Baker,32,2TM,PF,54,33,24.3,3.9,8,0.481,0,0.1,0.333,3.8,7.9,0.483,0.483,2.1,2.9,0.726,2.1,3.1,5.2,1.2,0.5,0.6,1.4,3,9.8,
131,Brian Cardinal,26,GSW,PF,76,11,21.5,2.9,6.1,0.472,0.7,1.6,0.444,2.2,4.5,0.482,0.531,3.1,3.6,0.878,1.3,2.9,4.2,1.4,0.9,0.3,1.1,2.7,9.6,
132,Kendall Gill,35,CHI,SG,56,35,25.2,3.8,9.8,0.392,0.2,0.7,0.237,3.7,9.1,0.404,0.401,1.8,2.4,0.735,1.1,2.3,3.4,1.6,1.2,0.3,1.5,1.9,9.6,
133,Jarvis Hayes,22,WAS,SF,70,42,29.2,4,9.9,0.4,0.6,1.9,0.305,3.4,8.1,0.422,0.429,1.1,1.4,0.786,1,2.8,3.8,1.5,1,0.2,1.6,2.2,9.6,
134,Mehmet Okur,24,DET,PF,71,33,22.3,3.5,7.6,0.463,0.3,0.7,0.375,3.3,7,0.472,0.48,2.3,2.9,0.775,2.3,3.7,5.9,1,0.5,0.9,1.4,1.9,9.6,
135,Ben Wallace,29,DET,C,81,81,37.7,3.9,9.2,0.421,0,0.1,0.125,3.9,9.1,0.424,0.422,1.8,3.6,0.49,4,8.4,12.4,1.7,1.8,3,1.5,2,9.5,"MVP-7,DPOY-2,AS,NBA2"
136,Corliss Williamson,30,DET,PF,79,0,19.9,3.8,7.6,0.505,0,0,,3.8,7.6,0.505,0.505,1.8,2.5,0.731,1.1,2.1,3.2,0.7,0.4,0.3,1.4,2.6,9.5,6MOY-10
137,Juan Dixon,25,WAS,SG,71,16,20.8,3.5,9,0.388,0.8,2.8,0.298,2.6,6.2,0.428,0.434,1.6,2,0.799,0.4,1.7,2.1,1.9,1.2,0.1,1.5,1.6,9.4,
138,Marc Jackson,29,PHI,PF,22,13,27.2,3.2,7.8,0.415,0,0,0,3.2,7.7,0.418,0.415,2.9,3.7,0.79,2,3.7,5.7,0.8,0.5,0.3,1.1,2,9.4,
139,Stromile Swift,24,MEM,PF,77,10,19.8,3.5,7.4,0.469,0,0.1,0.25,3.5,7.4,0.471,0.47,2.5,3.4,0.725,1.8,3.1,4.9,0.5,0.7,1.5,1.1,2.4,9.4,
140,Lorenzen Wright,28,MEM,C,65,46,25.8,4,9,0.439,0,0.1,0,4,8.9,0.442,0.439,1.5,2,0.733,2.2,4.6,6.8,1.1,0.7,0.9,1.2,3,9.4,
141,Mike James,28,2TM,PG,81,55,27.1,3.4,8.1,0.414,1.3,3.5,0.377,2,4.6,0.441,0.495,1.3,1.6,0.811,0.3,2.5,2.9,4.2,1.2,0,1.5,1.9,9.3,
142,Anfernee Hardaway,32,2TM,SG,76,14,27.6,3.7,8.9,0.411,0.4,1,0.38,3.3,7.9,0.415,0.433,1.5,1.8,0.804,0.9,2.9,3.8,2.3,0.9,0.3,1.4,1.9,9.2,
143,Caron Butler,23,MIA,SF,68,56,29.9,3.5,9.3,0.38,0.1,0.6,0.238,3.4,8.7,0.39,0.388,2,2.6,0.756,1.4,3.4,4.8,1.9,1.1,0.2,1.3,2.4,9.2,
144,Aaron McKie,31,PHI,SF,75,41,28.2,3.5,7.7,0.459,1,2.3,0.436,2.5,5.4,0.469,0.524,1.1,1.5,0.757,0.6,2.8,3.4,2.6,1.1,0.3,1.4,1.9,9.2,
145,Hedo Türkoğlu,24,SAS,SF,80,44,25.9,3.3,8.1,0.406,1.3,3,0.419,2,5.1,0.399,0.484,1.4,2,0.708,0.7,3.8,4.5,1.9,1,0.4,1.2,2.1,9.2,
146,Jiří Welsch,24,BOS,SG,81,68,26.9,3.2,7.6,0.428,0.9,2.2,0.381,2.4,5.3,0.448,0.484,1.9,2.5,0.743,0.7,2.9,3.7,2.3,1.2,0.1,1.6,2.2,9.2,
147,Dion Glover,25,2TM,SG,69,30,23.8,3.3,8.5,0.39,0.6,1.7,0.336,2.8,6.8,0.404,0.424,1.7,2.3,0.769,0.8,3,3.9,1.9,0.7,0.3,1.5,1.8,9,
148,Antonio Davis,35,2TM,C,80,79,32.1,3.3,8.3,0.403,0,0,,3.3,8.3,0.403,0.403,2.2,2.9,0.765,2.6,5.8,8.4,1.7,0.5,0.8,1.4,2.6,8.9,
149,Etan Thomas,25,WAS,C,79,15,24.1,3.3,6.7,0.489,0,0,,3.3,6.7,0.489,0.489,2.4,3.7,0.647,2.3,4.4,6.7,0.9,0.5,1.6,1.4,2.8,8.9,
150,Alvin Williams,29,TOR,SG,56,54,30.9,3.6,8.9,0.405,0.5,1.6,0.292,3.1,7.3,0.43,0.431,1.2,1.5,0.776,0.3,2.4,2.7,4,1,0.2,1.4,2,8.8,
151,Brian Grant,31,MIA,C,76,76,30.3,3.8,8.1,0.471,0,0,0,3.8,8.1,0.472,0.471,1.1,1.4,0.782,2.3,4.6,6.9,0.9,0.7,0.5,1.1,3.3,8.7,
152,Rasho Nesterović,27,SAS,C,82,82,28.7,4,8.5,0.469,0,0,,4,8.5,0.469,0.469,0.7,1.4,0.474,3.1,4.6,7.7,1.4,0.6,2,1.3,3,8.7,
153,Marcus Camby,29,DEN,C,72,72,30,3.6,7.6,0.477,0,0,0,3.6,7.6,0.479,0.477,1.4,1.9,0.721,2.9,7.2,10.1,1.8,1.2,2.6,1.4,3.3,8.6,
154,Josh Howard,23,DAL,SF,67,29,23.7,3.4,7.9,0.43,0.3,1,0.303,3.1,7,0.448,0.449,1.4,2.1,0.703,2.2,3.3,5.5,1.4,1,0.8,1,2.5,8.6,
155,Chris Wilcox,21,LAC,C,65,17,20.6,3.5,6.7,0.521,0,0,0,3.5,6.7,0.522,0.521,1.6,2.3,0.7,1.9,2.8,4.7,0.8,0.4,0.3,1.2,2.8,8.6,
156,Shane Battier,25,MEM,SF,79,1,24.6,3.1,6.9,0.446,0.8,2.4,0.349,2.2,4.5,0.496,0.506,1.5,2.1,0.732,1.3,2.5,3.8,1.3,1.3,0.7,0.7,2.4,8.5,6MOY-8
157,Marquis Daniels,23,DAL,SG,56,15,18.6,3.6,7.3,0.494,0.2,0.6,0.306,3.4,6.7,0.512,0.507,1.1,1.4,0.769,1.2,1.4,2.6,2.1,0.9,0.2,0.8,0.9,8.5,ROY-6
158,Marko Jarić,25,LAC,PG,58,50,30.3,3.2,8.2,0.388,0.9,2.6,0.34,2.3,5.6,0.41,0.441,1.3,1.7,0.733,0.8,2.3,3,4.8,1.6,0.3,2,2.3,8.5,
159,Chucky Atkins,29,2TM,PG,64,24,24.1,3,7.6,0.397,1.3,3.8,0.336,1.7,3.8,0.457,0.48,1.1,1.5,0.753,0.1,1.3,1.5,3.5,0.7,0,1.4,1.6,8.4,
160,Toni Kukoč,35,MIL,PF,73,0,20.8,2.9,6.9,0.417,0.7,2.3,0.292,2.2,4.6,0.479,0.465,2,2.7,0.729,0.8,2.9,3.7,2.7,0.8,0.3,1.5,1.5,8.4,
161,Stanislav Medvedenko,24,LAL,PF,68,38,21.2,3.5,7.9,0.441,0,0,0,3.5,7.9,0.444,0.441,1.3,1.7,0.767,2.2,2.9,5,0.8,0.6,0.3,0.9,2.8,8.3,
162,Morris Peterson,26,TOR,SF,82,29,26.2,2.9,7.2,0.405,1.5,4.1,0.371,1.4,3,0.453,0.513,0.9,1.1,0.809,0.4,2.8,3.2,1.4,1.1,0.2,0.8,2.5,8.3,
163,Jamaal Tinsley,25,IND,PG,52,43,26.5,2.9,7.1,0.414,1.5,4,0.372,1.5,3.1,0.466,0.518,0.9,1.3,0.731,0.5,2.1,2.6,5.8,1.6,0.3,2.1,2.5,8.3,
164,Derrick Coleman,36,PHI,C,34,30,24.8,3.1,7.6,0.413,0.2,1.1,0.222,2.9,6.6,0.444,0.429,1.4,1.9,0.754,1.3,4.3,5.6,1.4,0.7,0.8,1.7,2.3,8,
165,Samuel Dalembert,22,PHI,C,82,53,26.8,3.3,6.1,0.541,0,0,0,3.3,6.1,0.542,0.541,1.4,2.1,0.644,2.4,5.3,7.6,0.3,0.5,2.3,1,3.3,8,
166,Antonio Daniels,28,SEA,PG,71,32,21.3,2.6,5.6,0.47,0.6,1.6,0.362,2,4,0.514,0.523,2.2,2.6,0.842,0.3,1.7,2,4.2,0.6,0.1,0.9,0.9,8,
167,Alonzo Mourning,33,NJN,C,12,0,17.9,2.8,5.9,0.465,0,0,,2.8,5.9,0.465,0.465,2.5,2.8,0.882,0.7,1.6,2.3,0.7,0.2,0.5,0.8,2.7,8,
168,Theo Ratliff,30,2TM,C,85,83,31.3,3.1,6.5,0.485,0,0,,3.1,6.5,0.485,0.485,1.6,2.6,0.645,2.3,4.9,7.2,0.8,0.6,3.6,1.4,3.5,7.9,DPOY-3
169,Shandon Anderson,30,NYK,SG,80,37,24.7,3,7.1,0.422,0.5,1.6,0.281,2.5,5.5,0.463,0.454,1.5,2,0.764,0.7,2.1,2.8,1.5,0.9,0.2,1.5,2.3,7.9,
170,Leandro Barbosa,21,PHO,PG,70,46,21.4,3,6.7,0.447,1.2,3,0.395,1.8,3.7,0.488,0.535,0.7,0.9,0.77,0.3,1.4,1.8,2.4,1.3,0.1,1.7,2.6,7.9,
171,Walter McCarty,29,BOS,PF,77,23,24.7,2.6,6.8,0.388,1.8,4.8,0.374,0.9,2,0.42,0.519,0.8,1.1,0.756,0.4,2.7,3.1,1.6,0.9,0.3,1.2,2.3,7.9,
172,Malik Rose,29,SAS,PF,67,13,18.7,2.6,6,0.428,0,0,0,2.6,6,0.431,0.428,2.7,3.4,0.813,1.6,3.1,4.8,1,0.5,0.4,1.7,2.4,7.9,
173,Marcus Fizer,25,CHI,SF,46,2,16,2.9,7.6,0.383,0,0.4,0.118,2.9,7.2,0.396,0.386,2,2.6,0.75,1.3,3.1,4.4,0.9,0.3,0.2,1.1,2.1,7.8,
174,Raef LaFrentz,27,BOS,C,17,1,19.3,3.4,7.3,0.46,0.5,2.4,0.2,2.9,4.9,0.583,0.492,0.6,0.8,0.769,1.8,2.9,4.6,1.4,0.5,0.8,0.6,2.8,7.8,
175,Rodney Rogers,32,NJN,PF,69,15,20.4,3,7.3,0.41,0.7,2.2,0.329,2.3,5.1,0.445,0.459,1.1,1.4,0.765,1.4,3,4.4,2,0.9,0.4,1.4,2.7,7.8,
176,Bobby Simmons,23,LAC,SF,56,8,24.6,2.6,6.7,0.394,0,0.2,0.167,2.6,6.4,0.402,0.397,2.5,3,0.834,2.1,2.6,4.7,1.7,0.9,0.3,1.3,3,7.8,
177,Calbert Cheaney,32,GSW,SF,79,7,26.2,3.5,7.3,0.481,0,0.1,0,3.5,7.2,0.489,0.481,0.6,1,0.61,1,2.3,3.3,1.7,0.8,0.2,1.1,2.3,7.6,
178,Bob Sura,30,2TM,SG,80,18,20.8,2.5,6.1,0.416,0.3,1,0.266,2.3,5.1,0.446,0.438,2.1,2.8,0.757,1.3,2.8,4.1,2.9,0.8,0.2,1.3,2,7.5,
179,Troy Hudson,27,MIN,PG,29,1,17.3,2.8,7.1,0.386,1.1,2.7,0.403,1.7,4.5,0.377,0.461,0.9,1.1,0.818,0.1,1.1,1.2,2.4,0.2,0,1.2,1.1,7.5,
180,Rodney White,23,DEN,SF,72,0,13.7,3,6.5,0.459,0.5,1.2,0.379,2.5,5.3,0.478,0.495,1.1,1.4,0.75,0.6,1.7,2.3,0.8,0.4,0.3,1.1,1.5,7.5,
181,Nazr Mohammed,26,2TM,C,80,24,20.1,3.1,5.9,0.521,0,0,,3.1,5.9,0.521,0.521,1.3,2.1,0.592,2.2,3.7,5.9,0.5,0.7,0.7,1.2,2.4,7.4,
182,Devean George,26,LAL,SF,82,48,23.8,2.8,7,0.408,0.8,2.3,0.349,2,4.7,0.436,0.465,0.9,1.2,0.76,1.1,3,4,1.4,1,0.5,1.1,2.3,7.4,
183,Udonis Haslem,23,MIA,PF,75,24,23.9,2.7,6,0.459,0,0,0,2.7,5.9,0.462,0.459,1.9,2.4,0.765,2.5,3.8,6.3,0.7,0.4,0.3,1,2.6,7.3,
184,Derek Fisher,29,LAL,SG,82,3,21.6,2.5,7,0.352,0.6,2.2,0.291,1.8,4.8,0.38,0.398,1.5,1.9,0.797,0.4,1.5,1.9,2.3,1.3,0,1,1.4,7.1,
185,T.J. Ford,20,MIL,PG,55,55,26.8,2.8,7.2,0.384,0.1,0.4,0.238,2.7,6.9,0.393,0.391,1.5,1.8,0.816,0.7,2.5,3.2,6.5,1.1,0.1,2.5,2.2,7.1,
186,Vitaly Potapenko,28,SEA,C,65,39,21.8,3.1,6.3,0.489,0,0,,3.1,6.3,0.489,0.489,0.9,1.4,0.641,1.6,2.9,4.4,0.8,0.3,0.4,1.2,2.5,7.1,
187,Jonathan Bender,23,IND,SF,21,0,12.9,2.4,5,0.472,0.4,1,0.409,2,4,0.488,0.514,1.9,2.2,0.83,0.4,1.5,1.9,0.4,0.2,0.5,1.6,1.1,7,
188,Brendan Haywood,24,WAS,C,77,59,19.3,2.6,5,0.515,0,0,0,2.6,5,0.517,0.515,1.8,3,0.585,2.4,2.6,5,0.6,0.4,1.3,1,2,7,
189,Damon Jones,27,MIL,PG,82,26,24.6,2.6,6.4,0.401,1.2,3.3,0.359,1.4,3.1,0.446,0.494,0.7,0.9,0.764,0.2,1.9,2.1,5.8,0.4,0,1.3,1.1,7,
190,Raül López,23,UTA,PG,82,11,19.7,2.7,6.3,0.431,0.3,1,0.294,2.4,5.3,0.458,0.456,1.2,1.4,0.863,0.3,1.6,1.9,3.7,0.8,0,2.1,2.4,7,
191,Antonio McDyess,29,2TM,PF,42,20,22.1,3,6.4,0.47,0,0,,3,6.4,0.47,0.47,0.9,1.6,0.551,1.7,4.5,6.1,0.9,0.9,0.6,1.4,2.8,6.9,
192,Howard Eisley,31,2TM,PG,67,23,21.7,2.5,6.7,0.368,0.8,2.4,0.319,1.7,4.3,0.396,0.426,1.1,1.3,0.854,0.3,1.6,1.9,4.1,0.8,0.1,1.5,2,6.9,
193,Bruce Bowen,32,SAS,SF,82,82,32,2.6,6.1,0.42,0.9,2.6,0.363,1.6,3.5,0.462,0.497,0.8,1.4,0.579,0.5,2.5,3.1,1.4,1,0.4,1.1,2,6.9,DPOY-4
194,Willie Green,22,PHI,SG,53,0,14.5,2.7,6.7,0.401,0.4,1.2,0.311,2.3,5.6,0.419,0.427,1.1,1.5,0.728,0.3,0.9,1.2,1,0.5,0.1,1.1,1.6,6.9,
195,Lucious Harris,33,NJN,PG,69,15,21.8,2.7,6.7,0.404,0.6,1.5,0.376,2.2,5.2,0.412,0.445,1,1.1,0.846,0.6,1.5,2,2,0.6,0,0.8,1.1,6.9,
196,Ruben Patterson,28,POR,SF,73,1,22.6,2.7,5.4,0.506,0,0.2,0.167,2.7,5.2,0.517,0.509,1.4,2.6,0.553,1.8,1.9,3.7,1.9,1.2,0.3,1.4,2.1,6.9,
197,Keith Bogans,23,ORL,SF,73,36,24.5,2.5,6.2,0.403,0.9,2.6,0.358,1.6,3.7,0.434,0.477,0.9,1.4,0.631,1.5,2.9,4.3,1.3,0.6,0.1,1,1.8,6.8,
198,Rasual Butler,24,MIA,SF,45,0,15,2.6,5.6,0.476,1.1,2.4,0.463,1.5,3.2,0.486,0.576,0.4,0.5,0.762,0.1,1.3,1.4,0.5,0.2,0.3,0.6,1.6,6.8,
199,Eddie House,25,LAC,SG,60,10,19.8,2.7,7.5,0.359,0.9,2.3,0.375,1.8,5.2,0.351,0.415,0.6,0.8,0.8,0.5,1.8,2.3,2.5,1.1,0.1,1.1,1.5,6.8,
200,Greg Ostertag,30,UTA,C,78,51,27.6,2.7,5.6,0.476,0,0,0,2.7,5.6,0.477,0.476,1.4,2.5,0.579,2.8,4.6,7.4,1.6,0.4,1.8,1.3,2.9,6.8,
201,Jannero Pargo,24,3TM,PG,31,1,15.5,2.6,6.4,0.407,0.7,2,0.355,1.9,4.4,0.431,0.462,0.7,0.9,0.852,0.3,0.9,1.2,2.3,0.4,0.2,1.5,1.6,6.7,
202,Fred Hoiberg,31,MIN,SG,79,3,22.8,2.3,4.8,0.465,1,2.2,0.442,1.3,2.7,0.483,0.564,1.2,1.5,0.845,0.3,3.1,3.4,1.4,0.8,0.1,0.6,1.7,6.7,6MOY-15
203,Eddie Robinson,27,CHI,SF,51,4,20.1,3.1,6.4,0.482,0,0.1,0.2,3.1,6.3,0.486,0.483,0.5,0.8,0.651,0.5,1.5,2,1.1,0.6,0.2,0.9,1.1,6.7,
204,Jake Voskuhl,26,PHO,C,66,43,24.3,2.3,4.5,0.507,0,0,,2.3,4.5,0.507,0.507,2,2.7,0.74,1.9,3.3,5.2,0.9,0.6,0.4,1.2,3.9,6.6,
205,Michael Olowokandi,28,MIN,C,43,25,21.5,2.8,6.6,0.425,0,0,,2.8,6.6,0.425,0.425,0.8,1.4,0.59,1.8,3.9,5.7,0.6,0.4,1.6,1.3,3.2,6.5,
206,Dajuan Wagner,20,CLE,SG,44,4,16.1,2.5,7,0.366,0.7,2,0.36,1.8,5,0.368,0.417,0.7,1.1,0.681,0.2,1.1,1.3,1.2,0.6,0.2,0.9,2,6.5,
207,Kareem Rush,23,LAL,SG,72,15,17.3,2.6,6,0.44,0.7,1.9,0.348,2,4.1,0.483,0.495,0.4,0.7,0.596,0.3,1.1,1.3,0.8,0.5,0.3,0.7,1.5,6.4,
208,Chris Mihm,24,2TM,C,76,17,17.5,2.4,5,0.488,0,0,,2.4,5,0.488,0.488,1.4,2.2,0.663,2.1,3.4,5.4,0.3,0.5,0.8,1.2,2.7,6.3,
209,Rod Strickland,37,2TM,PG,61,10,19.6,2.5,5.8,0.425,0.2,0.6,0.278,2.3,5.2,0.442,0.439,1.2,1.6,0.735,0.6,2,2.5,4,0.6,0.2,1.4,1.2,6.3,
210,Predrag Drobnjak,28,LAC,C,61,14,15.6,2.4,6.2,0.393,0.2,0.6,0.306,2.3,5.6,0.402,0.408,1.2,1.4,0.849,0.9,2.3,3.2,0.6,0.4,0.4,0.8,1.4,6.3,
211,Aaron Williams,32,NJN,C,72,7,18.6,2.4,4.8,0.503,0,0,0.333,2.4,4.7,0.504,0.504,1.5,2.2,0.677,1.4,2.7,4.1,1.1,0.5,0.6,1.2,2.6,6.3,
212,Jerome Williams,30,2TM,PF,68,44,24.1,2.3,4.9,0.47,0,0.1,0,2.3,4.8,0.482,0.47,1.6,2.3,0.684,2.6,4.4,7,1.1,1.3,0.1,1.1,2,6.2,
213,Jon Barry,34,DEN,SG,57,9,19.3,2.1,5.2,0.404,0.9,2.4,0.37,1.2,2.8,0.434,0.49,1.1,1.2,0.845,0.4,1.7,2.2,2.6,1,0.1,0.9,1.2,6.2,
214,Keyon Dooling,23,LAC,PG,58,24,19.6,2.4,6.1,0.389,0.1,0.8,0.174,2.2,5.3,0.422,0.401,1.3,1.6,0.83,0.3,1.1,1.4,2.2,0.8,0.1,1.1,1.9,6.2,
215,Ronald Dupree,23,CHI,SF,47,8,19,2.4,6,0.394,0.1,0.2,0.444,2.3,5.8,0.392,0.401,1.4,2.2,0.629,1.2,2.4,3.6,1.2,0.7,0.4,1.1,2.9,6.2,
216,Anthony Johnson,29,IND,PG,73,7,21.9,2.3,5.6,0.406,0.6,1.7,0.336,1.7,4,0.436,0.456,1,1.3,0.798,0.4,1.4,1.8,2.8,0.9,0.1,1,1.9,6.2,
217,Kelvin Cato,29,HOU,PF,69,67,25.3,2.3,5.2,0.447,0,0,,2.3,5.2,0.447,0.447,1.4,2.1,0.676,2.2,4.6,6.8,1,0.8,1.4,1.2,2.9,6.1,
218,Tyson Chandler,21,CHI,PF,35,8,22.3,1.9,4.5,0.424,0,0,0,1.9,4.5,0.427,0.424,2.3,3.4,0.669,2.3,5.4,7.7,0.7,0.5,1.2,1.1,2.5,6.1,
219,Jeff Foster,27,IND,C,82,79,23.9,2.4,4.4,0.544,0,0,0,2.4,4.4,0.55,0.544,1.3,1.9,0.669,3,4.4,7.4,0.8,0.9,0.3,0.7,2.3,6.1,
220,Chris Kaman,21,LAC,C,82,61,22.5,2.4,5.3,0.46,0,0,0,2.4,5.3,0.462,0.46,1.2,1.7,0.697,1.5,4.1,5.6,1,0.3,0.9,1.9,2.6,6.1,
221,Charlie Ward,33,2TM,PG,71,10,17.6,2.3,5.5,0.41,1.2,2.9,0.408,1.1,2.6,0.413,0.518,0.3,0.4,0.741,0.2,1.9,2,3,0.9,0.2,1.4,1.5,6,
222,Lee Nailon,28,3TM,PF,57,4,13.7,2.6,5.7,0.45,0,0.1,0,2.6,5.7,0.454,0.45,0.8,1,0.81,1.1,1.4,2.5,0.7,0.3,0.1,0.8,1.6,6,
223,Kenny Anderson,33,IND,PG,44,31,20.6,2.6,5.8,0.441,0,0.1,0.25,2.5,5.7,0.444,0.443,0.8,1.1,0.729,0.4,1.4,1.8,2.8,0.6,0.1,1.1,1.7,6,
224,Dana Barros,36,BOS,SG,1,0,11,2,3,0.667,0,0,,2,3,0.667,0.667,2,2,1,0,0,0,0,0,0,0,2,6,
225,Jarron Collins,25,UTA,C,81,31,21.4,1.8,3.6,0.498,0,0,0,1.8,3.6,0.5,0.498,2.3,3.2,0.718,1.4,2.5,3.9,1,0.3,0.2,1,3.1,6,
226,Tony Delk,30,DAL,SG,33,11,15.4,2.1,5.6,0.38,0.6,2,0.303,1.5,3.6,0.424,0.435,1.1,1.3,0.841,0.5,1.3,1.8,0.8,0.8,0.2,0.5,1.4,6,
227,Casey Jacobsen,22,PHO,SF,78,13,23.4,1.9,4.6,0.417,1,2.3,0.417,1,2.3,0.417,0.521,1.2,1.4,0.82,0.5,2,2.6,1.3,0.6,0.1,0.9,1.8,6,
228,Lamond Murray,30,TOR,SF,33,4,15.7,2.3,6.5,0.353,0.6,1.8,0.35,1.7,4.7,0.355,0.402,0.7,1.1,0.686,0.4,2.3,2.7,0.8,0.5,0.2,1.2,1.4,6,
229,Marcus Banks,22,BOS,PG,81,2,17.1,2.2,5.5,0.4,0.3,1.1,0.314,1.9,4.4,0.421,0.431,1.2,1.6,0.756,0.4,1.3,1.6,2.2,1.1,0.2,1.5,2.1,5.9,
230,Steve Blake,23,WAS,PG,75,14,18.6,2.1,5.4,0.386,1,2.7,0.371,1.1,2.7,0.4,0.478,0.7,0.9,0.821,0.2,1.3,1.6,2.8,0.8,0.1,1.7,1.3,5.9,
231,Jason Collins,25,NJN,C,78,78,28.5,2.1,4.9,0.424,0,0,0,2.1,4.9,0.427,0.424,1.7,2.4,0.739,1.8,3.3,5.1,2,0.9,0.7,1.2,3.2,5.9,
232,Christian Laettner,34,WAS,PF,48,18,20.5,2.5,5.3,0.465,0.1,0.4,0.286,2.4,4.9,0.481,0.477,0.8,1,0.8,1,3.8,4.8,1.9,0.8,0.6,0.9,2.1,5.9,
233,Scottie Pippen,38,CHI,SF,23,6,17.9,2.3,6.1,0.379,0.6,2.1,0.271,1.7,4,0.435,0.425,0.7,1.2,0.63,0.9,2.1,3,2.2,0.9,0.4,1.3,1.7,5.9,
234,Wesley Person,32,3TM,SG,58,0,17.9,2.2,5.4,0.401,0.9,2.4,0.399,1.2,3,0.403,0.489,0.5,0.7,0.795,0.3,1.7,2,1.1,0.3,0.2,0.7,0.7,5.8,
235,Stacey Augmon,35,NOH,SF,69,24,20.5,2.1,5,0.412,0,0.1,0.143,2.1,4.9,0.418,0.414,1.6,2,0.791,0.8,1.8,2.5,1.2,0.8,0.2,1.1,1.7,5.8,
236,John Salmons,24,PHI,SG,77,24,20.8,2.1,5.4,0.387,0.6,1.9,0.34,1.4,3.5,0.413,0.447,0.9,1.2,0.772,0.5,2.1,2.5,1.7,0.8,0.2,1,1.6,5.8,
237,Dan Gadzuric,25,MIL,C,75,0,16.8,2.4,4.7,0.524,0,0,0,2.4,4.6,0.526,0.524,0.8,1.6,0.492,1.7,2.9,4.6,0.4,0.7,1.4,0.6,2.5,5.7,
238,Jared Jeffries,22,WAS,PF,82,38,23.3,2.2,5.7,0.377,0.1,0.4,0.167,2.1,5.4,0.392,0.383,1.3,2.1,0.614,2.2,3,5.2,1.1,0.6,0.3,1.3,2.6,5.7,
239,Anthony Peeler,34,SAC,SG,75,0,18.5,2.1,4.6,0.448,0.9,1.9,0.482,1.2,2.8,0.425,0.546,0.7,0.8,0.836,0.4,1.6,2,1.6,0.7,0.1,1,1.4,5.7,
240,Earl Watson,24,MEM,PG,81,14,20.6,2.1,5.7,0.371,0.3,1.3,0.245,1.8,4.4,0.408,0.399,1.1,1.7,0.652,0.6,1.6,2.2,5,1.1,0.2,1.8,2.2,5.7,DPOY-10
241,Tony Battie,27,2TM,C,73,7,20.2,2.3,5.3,0.443,0,0.1,0.222,2.3,5.1,0.448,0.445,0.9,1.2,0.742,1.6,3.3,4.9,0.8,0.4,0.9,0.9,2.2,5.6,
242,Elden Campbell,35,DET,C,65,27,13.7,2.1,4.8,0.439,0,0,,2.1,4.8,0.439,0.439,1.3,1.9,0.685,0.8,2.4,3.2,0.7,0.3,0.8,1,2.1,5.6,
243,Dikembe Mutombo,37,NYK,C,65,56,23,2.2,4.5,0.478,0,0,,2.2,4.5,0.478,0.478,1.2,1.8,0.681,2.2,4.5,6.7,0.4,0.3,1.9,0.8,2.2,5.6,
244,Gary Trent,29,MIN,C,68,2,15.1,2.3,4.8,0.473,0,0.1,0,2.3,4.7,0.481,0.473,1,1.3,0.758,1.2,2,3.2,0.7,0.2,0.3,0.8,1.9,5.6,
245,Luke Ridnour,22,SEA,PG,69,6,16.1,2.1,5.1,0.414,0.4,1.2,0.338,1.7,3.9,0.437,0.453,0.9,1.1,0.823,0.5,1.1,1.6,2.4,0.8,0.1,1.2,1.5,5.5,
246,DerMarr Johnson,23,NYK,SF,21,1,13.7,1.7,4.6,0.371,0.6,1.7,0.361,1.1,2.9,0.377,0.438,1.3,1.5,0.903,0.2,1.6,1.9,0.5,0.4,0.3,0.8,1.5,5.4,
247,Erick Strickland,30,MIL,PG,43,0,13.3,1.8,4.6,0.403,0.7,1.5,0.439,1.2,3,0.385,0.477,1,1.2,0.863,0.3,1.3,1.7,2.1,0.6,0,1.3,1.5,5.4,
248,Kedrick Brown,22,2TM,SF,55,26,17.6,2.1,4.6,0.461,0.7,1.8,0.384,1.4,2.8,0.51,0.535,0.3,0.5,0.63,0.7,1.9,2.7,1.2,0.5,0.1,0.5,1.5,5.3,
249,Mickaël Piétrus,21,GSW,PG,53,22,14.1,1.8,4.4,0.416,0.7,2,0.333,1.2,2.4,0.484,0.491,1,1.4,0.693,0.9,1.3,2.2,0.5,0.6,0.2,0.8,1.9,5.3,
250,Robert Traylor,26,NOH,C,71,0,13.3,2,4,0.505,0,0.1,0.4,2,4,0.507,0.509,1,1.8,0.547,1.5,2.2,3.7,0.6,0.5,0.5,0.9,2.3,5.1,
251,Clarence Weatherspoon,33,2TM,PF,52,1,16.7,2,4.1,0.493,0,0,0,2,4,0.495,0.493,1,1.4,0.736,1.4,2.5,3.9,0.6,0.6,0.3,0.7,1.4,5,
252,Austin Croshere,28,IND,PF,77,0,13.6,1.5,4,0.388,0.7,1.9,0.389,0.8,2.1,0.387,0.479,1.2,1.4,0.894,0.8,2.4,3.2,0.7,0.3,0.2,0.7,1.3,5,
253,Trenton Hassell,24,MIN,SG,81,74,28,2.2,4.7,0.465,0,0.2,0.308,2.1,4.5,0.47,0.47,0.6,0.8,0.787,0.8,2.3,3.2,1.6,0.4,0.7,0.6,2.5,5,
254,Jerome James,28,SEA,C,65,24,15.2,2,4,0.498,0,0,,2,4,0.498,0.498,1,1.5,0.66,1.2,2.3,3.5,0.5,0.3,0.9,1.3,2.8,5,
255,Ron Mercer,27,SAS,SG,39,0,13.2,2.3,5.4,0.427,0.1,0.2,0.286,2.3,5.2,0.431,0.431,0.3,0.4,0.765,0.3,1,1.3,0.6,0.4,0.1,0.7,0.9,5,
256,Steve Smith,34,NOH,SG,71,4,13.1,1.7,4.1,0.406,0.6,1.5,0.402,1.1,2.6,0.409,0.48,1.1,1.2,0.928,0.4,0.8,1.1,0.8,0.2,0.1,0.6,1.3,5,
257,Mo Williams,21,UTA,SG,57,0,13.5,2,5.3,0.38,0.2,0.7,0.256,1.8,4.6,0.398,0.396,0.8,1,0.786,0.4,0.9,1.3,1.3,0.5,0,0.9,1.5,5,
258,Calvin Booth,27,SEA,C,71,35,17,1.9,4.1,0.466,0,0,0,1.9,4.1,0.469,0.466,1.1,1.3,0.798,1.2,2.7,3.9,0.4,0.2,1.4,0.6,2.1,4.9,
259,Fred Jones,24,IND,SG,81,2,18.6,1.5,3.8,0.395,0.3,1.1,0.303,1.2,2.7,0.432,0.439,1.5,1.8,0.832,0.3,1.2,1.6,2.1,0.8,0.2,0.9,1.6,4.9,
260,Shammond Williams,28,2TM,PG,53,4,14.4,1.6,4.4,0.375,0.6,1.9,0.3,1.1,2.5,0.432,0.44,1,1.1,0.879,0.2,1,1.1,2.2,0.7,0,0.9,1.2,4.8,
261,Rick Fox,34,LAL,SF,38,34,22.3,1.9,4.9,0.392,0.4,1.6,0.246,1.5,3.3,0.464,0.433,0.6,0.8,0.733,0.8,1.9,2.7,2.6,0.8,0.1,1.3,2.6,4.8,
262,Robert Horry,33,SAS,PF,81,1,15.9,1.7,4.3,0.405,0.5,1.3,0.38,1.2,3,0.417,0.464,0.9,1.3,0.645,1.3,2,3.4,1.2,0.6,0.6,0.7,2,4.8,
263,George Lynch,33,NOH,SF,78,51,21.8,1.9,4.8,0.397,0.6,1.8,0.309,1.4,3,0.449,0.455,0.4,0.7,0.667,1.2,2.8,4,1.5,0.6,0.2,0.8,2,4.8,
264,Sasha Pavlović,20,UTA,SF,79,14,14.5,1.9,4.8,0.396,0.2,0.9,0.271,1.6,3.9,0.425,0.422,0.8,1.1,0.774,0.6,1.5,2,0.8,0.5,0.2,0.8,2.4,4.8,
265,Brevin Knight,28,3TM,PG,56,13,18.5,1.9,4.4,0.427,0,0.1,0.25,1.8,4.3,0.433,0.431,0.9,1.2,0.754,0.3,1.8,2,3.6,1.5,0,1.3,1.9,4.7,
266,Scott Williams,35,2TM,C,43,21,12.3,2.1,4.3,0.484,0,0.1,0.667,2,4.3,0.481,0.489,0.4,0.6,0.593,0.9,2.2,3.1,0.4,0.5,0.4,0.4,2.2,4.6,
267,Othella Harrington,30,NYK,PF,56,3,15.6,1.8,3.6,0.495,0,0,,1.8,3.6,0.495,0.495,1,1.4,0.744,1,2.1,3.2,0.5,0.2,0.3,1.2,2.4,4.6,
268,Avery Johnson,38,GSW,PG,46,1,13.8,1.7,4.3,0.402,0,0.1,0,1.7,4.3,0.408,0.402,1.1,1.7,0.667,0.1,0.7,0.7,2.4,0.6,0.1,1.1,0.7,4.6,
269,Maciej Lampe,18,PHO,C,21,0,10.7,2,4.2,0.489,0,0.2,0,2,4,0.512,0.489,0.5,0.6,0.769,0.4,1.7,2.1,0.4,0.1,0.1,0.7,1.3,4.6,
270,Bo Outlaw,32,MEM,PF,82,1,19.6,1.9,3.8,0.51,0,0,0,1.9,3.8,0.516,0.51,0.7,1.4,0.526,1.5,2.6,4.2,1.1,0.9,0.9,0.8,2.1,4.6,
271,Darius Songaila,25,SAC,PF,73,7,13.4,1.8,3.7,0.487,0,0,,1.8,3.7,0.487,0.487,1,1.2,0.807,1.2,1.8,3.1,0.7,0.6,0.2,0.6,1.7,4.6,
272,Michael Doleac,26,2TM,C,72,0,14.3,1.9,4.5,0.435,0,0,,1.9,4.5,0.435,0.435,0.6,0.7,0.865,1.2,2.5,3.7,0.6,0.3,0.5,0.7,2,4.5,
273,Matt Barnes,23,LAC,SF,38,9,19.1,1.7,3.6,0.457,0.1,0.3,0.154,1.6,3.3,0.488,0.464,1.1,1.6,0.705,1.4,2.6,4,1.3,0.7,0.1,1.2,2,4.5,
274,Boris Diaw,21,ATL,SG,76,37,25.3,1.8,4.1,0.447,0.1,0.3,0.231,1.8,3.8,0.467,0.457,0.7,1.2,0.602,1.5,3,4.5,2.4,0.8,0.5,1.7,2.5,4.5,
275,Kyle Korver,22,PHI,SF,74,0,11.9,1.6,4.4,0.352,1.1,2.8,0.391,0.5,1.6,0.283,0.476,0.3,0.3,0.792,0.4,1.1,1.5,0.5,0.3,0.1,0.6,1.4,4.5,
276,Anthony Carter,28,SAS,PG,5,2,17.4,2.2,7.4,0.297,0,0.6,0,2.2,6.8,0.324,0.297,0,0,,0.4,1.8,2.2,2.4,0.8,0,2.4,1.8,4.4,
277,Brian Cook,23,LAL,C,35,2,12.6,1.9,4,0.475,0,0.1,0,1.9,3.9,0.493,0.475,0.6,0.8,0.75,0.9,2,2.9,0.6,0.5,0.5,0.5,1.8,4.4,
278,Dale Davis,34,POR,C,76,37,22.1,1.8,3.7,0.473,0,0,,1.8,3.7,0.473,0.473,0.9,1.4,0.613,2.1,3.2,5.2,0.9,0.6,0.8,0.5,2,4.4,
279,Milt Palacio,25,TOR,PG,59,13,20.5,1.8,5.1,0.349,0.1,0.4,0.154,1.7,4.6,0.368,0.356,0.8,1.2,0.662,0.3,1.5,1.7,3.1,0.7,0.2,1.5,1.5,4.4,
280,Tony Massenburg,36,SAC,PF,59,0,13.4,1.8,3.7,0.475,0,0,0,1.8,3.7,0.477,0.475,0.7,1.1,0.683,1,2.2,3.2,0.5,0.2,0.3,0.8,2.4,4.3,
281,Mike Sweetney,21,NYK,PF,42,1,11.8,1.6,3.3,0.493,0,0,0,1.6,3.3,0.496,0.493,1,1.4,0.724,1.6,2.1,3.7,0.3,0.4,0.3,0.8,1.4,4.3,
282,Jake Tsakalidis,24,MEM,C,40,28,13.3,1.7,3.3,0.504,0,0,,1.7,3.3,0.504,0.504,0.9,1.5,0.59,0.9,2.3,3.2,0.5,0.2,0.6,0.6,2,4.3,
283,John Wallace,29,MIA,SF,37,0,9.9,1.6,3.9,0.421,0.1,0.4,0.385,1.5,3.6,0.424,0.438,0.8,1.1,0.775,0.3,1.3,1.6,0.4,0.1,0.2,0.6,1,4.3,
284,Maurice Carter,27,2TM,SG,10,0,11,1.1,3.5,0.314,0.4,1.1,0.364,0.7,2.4,0.292,0.371,1.6,2,0.8,0.2,0.9,1.1,0.4,0,0,0.9,1,4.2,
285,Jahidi White,27,2TM,C,62,17,14,1.6,3.1,0.521,0,0,,1.6,3.1,0.521,0.521,1,2,0.5,1.6,2.6,4.2,0.1,0.4,0.8,1.1,2.8,4.2,
286,Malik Allen,25,MIA,PF,45,6,13.7,1.8,4.4,0.419,0,0,,1.8,4.4,0.419,0.419,0.6,0.7,0.758,0.9,1.7,2.6,0.4,0.3,0.6,0.6,1.8,4.2,
287,Linton Johnson,23,CHI,SF,41,20,17.9,1.8,5,0.355,0.2,0.8,0.212,1.6,4.1,0.382,0.372,0.5,0.9,0.595,1.4,3,4.5,0.7,0.9,0.8,0.9,2.2,4.2,
288,Kevin Ollie,31,CLE,PG,82,7,17.1,1.2,3.1,0.37,0,0.1,0.444,1.1,3,0.367,0.377,1.8,2.1,0.835,0.3,1.8,2.1,2.9,0.6,0.1,1,1.5,4.2,
289,Mikki Moore,28,2TM,C,32,0,12.3,1.6,3.1,0.505,0,0,,1.6,3.1,0.505,0.505,0.9,1.1,0.857,0.9,1.7,2.6,0.6,0.2,0.4,0.7,2,4.1,
290,Žarko Čabarkapa,22,PHO,PF,49,4,11.6,1.7,4,0.411,0.1,0.7,0.188,1.5,3.4,0.455,0.426,0.7,1.1,0.66,0.5,1.5,2,0.8,0.2,0.3,1.1,1.5,4.1,
291,Horace Grant,38,LAL,PF,55,10,20.1,1.7,4.1,0.411,0,0,0,1.7,4.1,0.413,0.411,0.7,1,0.722,1.4,2.8,4.2,1.3,0.4,0.4,0.5,1.3,4.1,
292,Eric Piatkowski,33,HOU,SF,49,0,14.3,1.5,3.9,0.377,0.9,2.5,0.352,0.6,1.4,0.42,0.49,0.3,0.3,0.875,0.2,1.3,1.5,0.5,0.3,0.1,0.6,0.9,4.1,
293,Corie Blount,35,2TM,PF,62,3,16.9,1.9,4.1,0.455,0,0,0,1.9,4,0.46,0.455,0.2,0.4,0.556,1.6,2.9,4.4,0.9,0.8,0.4,0.7,2.2,4,
294,Lonny Baxter,25,3TM,PF,62,5,12.4,1.7,3.4,0.493,0,0,0.333,1.6,3.3,0.495,0.495,0.7,1.2,0.579,1,2,3,0.3,0.3,0.5,0.6,2,4,
295,Donnell Harvey,23,2TM,PF,60,8,13.1,1.5,3.4,0.443,0,0.1,0,1.5,3.3,0.449,0.443,1,1.4,0.735,0.8,1.9,2.7,0.4,0.4,0.5,0.8,2.2,4,
296,Devin Brown,25,SAS,SG,58,0,10.8,1.5,3.4,0.434,0.1,0.2,0.286,1.4,3.1,0.445,0.444,1,1.3,0.811,0.7,1.6,2.2,0.6,0.3,0.1,0.7,1.1,4,
297,Ben Handlogten,30,UTA,C,17,0,10.1,1.5,2.8,0.532,0,0,,1.5,2.8,0.532,0.532,1.1,1.6,0.667,1.3,1.9,3.2,0.4,0.2,0.2,0.6,1.9,4,
298,Alan Henderson,31,ATL,PF,6,0,11.3,1.7,3.5,0.476,0,0,,1.7,3.5,0.476,0.476,0.7,1,0.667,1.8,1.7,3.5,0.3,0.2,0.3,0.5,0.2,4,
299,Chris Jefferies,23,2TM,SF,21,2,9.3,1.3,3.4,0.375,0.8,2,0.405,0.5,1.4,0.333,0.493,0.6,1,0.65,0.2,1.1,1.4,0.3,0.2,0.3,0.9,1.7,4,
300,Ira Newble,29,CLE,SF,64,25,19.5,1.7,4.3,0.391,0,0.3,0.105,1.7,4,0.412,0.395,0.6,0.7,0.783,1,1.4,2.4,1.1,0.4,0.3,0.8,1.7,4,
301,Bryon Russell,33,LAL,SF,72,1,13.1,1.4,3.4,0.402,0.6,1.6,0.384,0.8,1.8,0.417,0.49,0.7,0.9,0.769,0.4,1.6,2,1,0.4,0.2,0.5,1.5,4,
302,Daniel Santiago,27,MIL,C,54,28,13.1,1.4,3,0.479,0,0,,1.4,3,0.479,0.479,1.1,1.7,0.678,0.6,1.8,2.4,0.4,0.4,0.4,0.6,1.8,4,
303,Danny Fortson,27,DAL,C,56,20,11.2,1.3,2.5,0.511,0,0,,1.3,2.5,0.511,0.511,1.3,1.6,0.815,2,2.4,4.5,0.2,0.2,0.2,0.7,2.6,3.9,
304,Frank Williams,23,NYK,PG,56,3,12.8,1.4,3.7,0.385,0.3,1.1,0.3,1.1,2.6,0.419,0.428,0.7,0.9,0.854,0.1,0.8,0.9,2.2,0.4,0.1,1.1,1,3.9,
305,Željko Rebrača,31,2TM,C,24,2,11.4,1.4,3.2,0.442,0,0,,1.4,3.2,0.442,0.442,1,1.3,0.767,1,1.5,2.4,0.3,0.2,0.5,0.7,2.2,3.8,
306,Mateen Cleaves,26,CLE,PG,4,2,23,1.8,5.8,0.304,0,0.3,0,1.8,5.5,0.318,0.304,0.3,0.5,0.5,0.3,1.5,1.8,4.8,1,0.5,1.3,3.3,3.8,
307,Jacque Vaughn,28,ATL,PG,71,6,17.9,1.5,3.9,0.386,0,0.3,0.15,1.5,3.6,0.405,0.392,0.7,1,0.779,0.2,1.5,1.6,2.7,0.6,0,1.2,1.8,3.8,
308,David West,23,NOH,PF,71,1,13.1,1.5,3.2,0.474,0,0,0,1.5,3.2,0.478,0.474,0.8,1.1,0.713,1.6,2.5,4.2,0.8,0.4,0.4,0.7,1.6,3.8,
309,Roger Mason,23,2TM,SG,26,3,12.6,1.2,3.8,0.327,0.5,1.5,0.333,0.7,2.3,0.322,0.393,0.7,0.8,0.864,0,1.2,1.2,1,0.4,0.2,0.8,1.4,3.7,
310,Doug Overton,34,2TM,PG,61,11,16.9,1.6,4,0.404,0,0.4,0.13,1.6,3.6,0.432,0.41,0.4,0.5,0.742,0.3,1.1,1.4,2.3,0.4,0,1,1.5,3.7,
311,Melvin Ely,25,LAC,PF,42,2,12.1,1.6,3.6,0.431,0,0,0,1.6,3.6,0.434,0.431,0.6,1,0.595,1.1,1.3,2.4,0.5,0.2,0.4,0.5,1.6,3.7,
312,Zendon Hamilton,28,PHI,C,46,0,10.3,1.1,2.1,0.537,0,0,,1.1,2.1,0.537,0.537,1.5,2.1,0.698,1.1,2.1,3.2,0.3,0.2,0.2,0.6,1.6,3.7,
313,Shane Heal,33,SAS,PG,6,0,12,1.2,4,0.292,0.7,3,0.222,0.5,1,0.5,0.375,0.7,0.8,0.8,0.2,0.5,0.7,0.8,0.2,0,0.8,0.3,3.7,
314,Glen Rice,36,LAC,SF,18,0,14.6,1.2,4.2,0.289,0.3,1.6,0.179,0.9,2.7,0.354,0.322,0.9,0.9,1,0.5,1.8,2.3,1.3,0.3,0,0.7,1.2,3.7,
315,Curtis Borchardt,23,UTA,C,16,0,16.1,1.4,3.5,0.393,0,0.1,0,1.4,3.4,0.4,0.393,0.9,1.1,0.778,0.8,2.6,3.4,0.9,0.3,0.9,1.1,2.5,3.6,
316,Mark Madsen,28,MIN,C,72,12,17.3,1.4,2.8,0.495,0,0.1,0,1.4,2.8,0.51,0.495,0.8,1.6,0.483,1.9,1.9,3.8,0.4,0.5,0.3,0.7,2.4,3.6,
317,Qyntel Woods,22,POR,SF,62,8,10.9,1.4,3.8,0.371,0.2,0.5,0.345,1.3,3.4,0.375,0.392,0.6,1,0.633,0.7,1.5,2.2,0.7,0.3,0.2,0.8,1.4,3.6,
318,Moochie Norris,30,2TM,PG,66,0,12.8,1.2,3.3,0.369,0.3,0.9,0.345,0.9,2.4,0.377,0.415,0.8,1.1,0.761,0.2,0.8,1,1.8,0.7,0.1,1,0.8,3.5,
319,Mamadou N'Diaye,28,2TM,C,28,1,13.1,1,2.5,0.391,0,0,,1,2.5,0.391,0.391,1.6,2.1,0.746,1.5,2.5,4,0,0.3,0.9,0.6,2.1,3.5,
320,Francisco Elson,27,DEN,C,62,14,14.1,1.5,3.2,0.472,0,0,0,1.5,3.2,0.475,0.472,0.5,0.7,0.667,1,2.2,3.3,0.5,0.6,0.6,0.6,2.3,3.5,
321,Brandon Hunter,23,BOS,PF,36,12,11.3,1.5,3.2,0.457,0,0.1,0,1.5,3.1,0.469,0.457,0.5,1.2,0.442,1.4,1.9,3.3,0.5,0.4,0,0.6,1.1,3.5,
322,Lindsey Hunter,33,DET,SG,33,8,20,1.5,4.3,0.343,0.4,1.5,0.28,1.1,2.8,0.376,0.392,0.2,0.2,0.625,0.4,1.6,2,2.6,1.2,0.2,1,1.4,3.5,
323,Jason Kapono,22,CLE,SF,41,3,10.4,1.3,3.1,0.403,0.5,1.1,0.477,0.8,2.1,0.365,0.484,0.5,0.6,0.833,0.5,0.9,1.3,0.3,0.3,0,0.5,1,3.5,
324,Brian Scalabrine,25,NJN,PF,69,2,13.4,1.2,3.2,0.394,0.1,0.6,0.244,1.1,2.6,0.429,0.417,0.8,1,0.829,0.6,1.9,2.5,0.9,0.3,0.2,0.6,1.6,3.5,
325,Ansu Sesay,27,SEA,SF,57,2,10.2,1.4,3.1,0.455,0.1,0.4,0.286,1.3,2.8,0.478,0.472,0.6,0.8,0.696,0.8,0.9,1.6,0.3,0.3,0.4,0.4,1.2,3.5,
326,Chris Andersen,25,DEN,PF,71,0,14.5,1.3,2.9,0.443,0,0,0,1.3,2.8,0.446,0.443,0.9,1.5,0.589,1.3,2.9,4.2,0.5,0.5,1.6,0.7,1.7,3.4,
327,Richie Frahm,26,SEA,SF,54,0,8.7,1.2,2.6,0.453,0.6,1.7,0.37,0.5,0.9,0.617,0.576,0.4,0.5,0.885,0.2,0.8,1,0.4,0.3,0.1,0.1,0.9,3.4,
328,Sean Lampley,24,GSW,SF,10,0,6.3,1.3,2,0.65,0,0,,1.3,2,0.65,0.65,0.8,1.2,0.667,0.2,0.9,1.1,0.2,0,0.1,0.3,0.2,3.4,
329,Darrick Martin,32,MIN,PG,16,0,10.8,1.3,4.2,0.299,0.4,1.6,0.231,0.9,2.6,0.341,0.343,0.6,0.6,1,0.1,0.3,0.4,1.4,0.1,0.1,0.4,1.4,3.4,
330,Scott Padgett,27,HOU,PF,58,5,9.4,1.3,2.9,0.443,0.5,1.1,0.431,0.8,1.8,0.451,0.527,0.4,0.6,0.75,0.8,1.6,2.4,0.4,0.2,0.2,0.4,1.3,3.4,
331,Kevin Willis,41,SAS,C,48,0,7.8,1.5,3.1,0.467,0,0,0,1.5,3.1,0.47,0.467,0.5,0.8,0.615,0.8,1.3,2,0.2,0.4,0.2,0.7,1.3,3.4,
332,J.R. Bremer,23,2TM,PG,36,2,12.3,1.2,4.4,0.272,0.5,2.1,0.257,0.7,2.3,0.286,0.332,0.4,0.6,0.65,0.3,0.8,1,1.4,0.5,0.1,0.7,0.9,3.3,
333,Shawn Bradley,31,DAL,C,66,5,11.7,1.3,2.8,0.473,0,0,0,1.3,2.8,0.476,0.473,0.6,0.7,0.837,1.1,1.5,2.6,0.3,0.5,1.1,0.3,2,3.3,
334,Mitchell Butler,33,WAS,SG,41,4,13.5,1.3,3,0.435,0.3,0.7,0.367,1,2.3,0.457,0.48,0.4,0.6,0.625,0.6,1.1,1.7,0.8,0.5,0.1,0.6,1.3,3.3,
335,Jason Hart,25,SAS,PG,53,5,12.5,1.3,3,0.447,0,0.2,0.222,1.3,2.8,0.46,0.453,0.6,0.8,0.767,0.2,1.3,1.5,1.5,0.5,0.1,0.5,1.1,3.3,
336,Zaza Pachulia,19,ORL,C,59,2,11.3,1.2,3,0.389,0,0,,1.2,3,0.389,0.389,1,1.5,0.644,1.2,1.8,2.9,0.2,0.4,0.2,0.6,1.5,3.3,
337,Andrew DeClercq,30,ORL,C,71,53,17.1,1.3,2.7,0.477,0,0,,1.3,2.7,0.477,0.477,0.6,0.8,0.815,1.8,2.6,4.5,0.6,0.7,0.5,0.8,3.1,3.2,
338,Steven Hunter,22,ORL,C,59,23,13.4,1.4,2.6,0.529,0,0,,1.4,2.6,0.529,0.529,0.4,1.2,0.333,0.9,2,2.9,0.2,0.1,1.2,0.5,1.7,3.2,
339,Desmond Penigar,22,ORL,PF,10,0,8.9,1.4,2.8,0.5,0,0,,1.4,2.8,0.5,0.5,0.4,0.4,1,0.6,1.8,2.4,0.3,0.2,0.2,0.6,1.4,3.2,
340,Samaki Walker,27,MIA,PF,33,0,12.7,1.2,3,0.384,0,0.1,0,1.2,2.9,0.392,0.384,0.9,1.3,0.659,1.3,2.1,3.4,0.2,0.3,0.3,0.5,1.6,3.2,
341,Loren Woods,25,MIA,C,38,2,13.3,1.2,2.5,0.458,0,0,,1.2,2.5,0.458,0.458,0.9,1.4,0.6,1.7,1.8,3.5,0.3,0.3,0.5,0.7,1.4,3.2,
342,Greg Buckner,27,PHI,SG,53,3,13.3,1.2,3.3,0.377,0.2,0.8,0.273,1,2.5,0.412,0.411,0.4,0.5,0.741,0.5,1.4,1.9,0.8,0.4,0.1,0.6,1.5,3.1,
343,Adonal Foyle,28,GSW,C,44,8,13,1.3,3,0.454,0,0,,1.3,3,0.454,0.454,0.4,0.8,0.543,1.2,2.6,3.8,0.4,0.1,1,0.5,1.5,3.1,
344,Boštjan Nachbar,23,HOU,SF,45,3,11.5,1,2.9,0.356,0.5,1.4,0.365,0.5,1.5,0.348,0.443,0.5,0.6,0.724,0.2,1.4,1.6,0.7,0.3,0.3,0.5,1.6,3.1,
345,Zoran Planinić,21,NJN,SG,49,1,9.7,1.1,2.6,0.411,0.2,0.7,0.281,0.9,2,0.454,0.446,0.8,1.2,0.633,0.3,0.8,1.1,1.4,0.3,0.1,0.7,1.4,3.1,
346,Rick Brunson,31,2TM,PG,40,0,10.3,1,2.6,0.381,0.3,0.6,0.478,0.7,2.1,0.354,0.433,0.7,0.8,0.871,0.2,0.7,0.9,2.1,0.6,0.1,0.8,1.1,3,
347,Marcus Haislip,23,MIL,PF,31,0,8.5,1.2,2.4,0.486,0,0.1,0.5,1.1,2.3,0.486,0.493,0.6,0.9,0.714,0.7,1,1.7,0.1,0.2,0.4,0.3,0.8,3,
348,Travis Hansen,25,ATL,SF,41,4,12.4,1.1,3.2,0.354,0.2,0.7,0.3,0.9,2.4,0.37,0.388,0.5,0.7,0.815,0.7,1,1.7,0.5,0.2,0.2,0.4,1.6,3,
349,Eduardo Nájera,27,DAL,SF,58,7,12.4,1.2,2.8,0.444,0,0.1,0.5,1.2,2.7,0.443,0.451,0.5,0.8,0.652,1.2,1.5,2.7,0.4,0.6,0.3,0.5,1.6,3,
350,Paul Shirley,26,CHI,PF,7,0,12.3,1.4,3.3,0.435,0,0.1,0,1.4,3.1,0.455,0.435,0.1,0.4,0.333,1.1,1.1,2.3,0.6,0.1,0.1,1.3,1.3,3,
351,Joel Przybilla,24,2TM,C,17,12,20.4,1.1,2.9,0.36,0,0,,1.1,2.9,0.36,0.36,0.8,1.8,0.419,1.9,4.6,6.5,0.4,0.3,1,1.1,3.1,2.9,
352,Tom Gugliotta,34,2TM,PF,55,27,14.9,1.3,3.7,0.345,0,0.1,0.25,1.3,3.6,0.347,0.347,0.4,0.5,0.714,1.2,2.2,3.4,1.1,0.6,0.2,0.7,1.5,2.9,
353,Wang Zhizhi,26,2TM,C,16,0,7.1,1.1,2.9,0.37,0.3,0.9,0.286,0.8,2,0.406,0.413,0.6,0.6,0.9,0.3,0.9,1.1,0.1,0.2,0.3,0.4,0.8,2.9,
354,Michael Curry,35,TOR,SF,70,15,17.6,1.1,2.8,0.388,0,0.2,0.2,1,2.6,0.403,0.395,0.7,0.8,0.845,0.3,0.9,1.2,0.8,0.3,0.1,0.7,2.2,2.9,
355,Derrick Dial,28,ORL,SG,9,0,9.6,1,3.1,0.321,0.2,1,0.222,0.8,2.1,0.368,0.357,0.7,0.9,0.75,0.6,0.9,1.4,0.2,0.7,0,0.1,0.7,2.9,
356,Reggie Evans,23,SEA,PF,75,27,17.1,0.9,2.2,0.406,0,0,0,0.9,2.2,0.414,0.406,1.1,2,0.561,2.1,3.4,5.4,0.4,0.7,0.1,0.9,2.3,2.9,
357,Jérôme Moïso,25,TOR,PF,35,1,11.9,1.1,2.4,0.476,0,0,0,1.1,2.4,0.482,0.476,0.6,1.1,0.579,1.2,2.1,3.2,0.2,0.5,0.3,0.7,1.2,2.9,
358,Jamal Sampson,20,LAL,C,10,2,13,1.1,2.3,0.478,0,0,,1.1,2.3,0.478,0.478,0.7,1.2,0.583,2.3,2.9,5.2,0.7,0.2,0.4,0.6,1.6,2.9,
359,Chris Whitney,32,WAS,PG,16,5,11.6,1.1,2.8,0.378,0.5,1.1,0.444,0.6,1.7,0.333,0.467,0.3,0.3,1,0.2,0.8,0.9,0.9,0.4,0.1,0.4,0.4,2.9,
360,Travis Best,31,DAL,PG,61,1,12.5,1,2.8,0.372,0,0.3,0.15,1,2.5,0.401,0.381,0.7,0.8,0.87,0.3,0.8,1.1,1.8,0.5,0.1,0.5,1.1,2.8,
361,Torraye Braggs,27,2TM,PF,15,0,10.3,1.1,2.2,0.485,0,0,,1.1,2.2,0.485,0.485,0.5,0.8,0.667,1.2,1.4,2.6,0.5,0.3,0.1,0.9,1.9,2.7,
362,Brandon Armstrong,23,NJN,SG,56,0,7.8,1.2,3.1,0.371,0.3,0.9,0.365,0.8,2.2,0.374,0.426,0,0.1,0.5,0.2,0.6,0.8,0.3,0.2,0,0.4,0.9,2.7,
363,Keith McLeod,24,MIN,PG,33,0,11.8,0.8,2.5,0.329,0,0.3,0.1,0.8,2.2,0.361,0.335,1,1.3,0.767,0.2,0.9,1,1.8,0.5,0,0.9,1.2,2.7,
364,Nikoloz Tskitishvili,20,DEN,PF,39,0,7.9,1,3.1,0.328,0.1,0.3,0.273,0.9,2.8,0.333,0.34,0.6,0.7,0.793,0.6,1,1.6,0.3,0.2,0.2,0.4,1.3,2.7,
365,Sean Rooks,34,2TM,C,55,0,10.8,1,2.7,0.358,0,0,0,1,2.7,0.36,0.358,0.6,0.7,0.892,0.4,1.3,1.8,0.5,0.3,0.2,0.4,1.6,2.6,
366,Vladimir Stepania,27,POR,C,42,2,10.8,1,2.5,0.417,0,0,,1,2.5,0.417,0.417,0.5,0.9,0.611,1.2,1.8,3,0.5,0.3,0.4,0.5,1.5,2.6,
367,Jamison Brewer,23,IND,PG,13,1,12.3,1,2.7,0.371,0.4,1.1,0.357,0.6,1.6,0.381,0.443,0.1,0.5,0.167,0.2,0.7,0.8,1.3,0.5,0,0.8,0.7,2.5,
368,Paul Grant,30,UTA,C,10,0,9.8,1.1,2.3,0.478,0,0,,1.1,2.3,0.478,0.478,0.3,0.8,0.375,0.7,1,1.7,0.3,0.1,0.1,0.7,1.7,2.5,
369,Mark Jackson,38,HOU,PG,42,3,13.7,0.8,2.4,0.34,0.2,1,0.171,0.6,1.4,0.458,0.375,0.7,0.9,0.718,0.2,1.4,1.7,2.8,0.4,0,1.3,1,2.5,
370,Oliver Miller,33,MIN,C,48,1,10.5,1.1,2.1,0.53,0,0,0,1.1,2.1,0.535,0.53,0.3,0.5,0.652,1,1.8,2.7,0.8,0.4,0.5,0.7,1.9,2.5,
371,Tamar Slay,23,NJN,SG,22,0,7.5,1,2.7,0.35,0.2,0.5,0.333,0.8,2.2,0.354,0.383,0.3,0.6,0.5,0.5,0.7,1.1,0.6,0.3,0,0.5,0.9,2.4,
372,Luke Walton,23,LAL,PF,72,2,10.1,0.9,2.1,0.425,0.2,0.5,0.333,0.7,1.6,0.456,0.467,0.4,0.6,0.705,0.5,1.2,1.8,1.6,0.4,0.1,0.6,1,2.4,
373,Kaniel Dickens,25,POR,PF,3,0,4,1,1,1,0,0,,1,1,1,1,0.3,0.7,0.5,0.7,0,0.7,0,0,0,0.3,1,2.3,
374,DeSagana Diop,22,CLE,C,56,3,13,1,2.6,0.388,0,0,,1,2.6,0.388,0.388,0.2,0.4,0.6,1.3,2.3,3.6,0.6,0.5,0.9,0.5,2.1,2.3,
375,Eddie Gill,25,POR,PG,22,0,7.1,0.7,1.6,0.417,0.1,0.4,0.375,0.5,1.3,0.429,0.458,0.8,0.9,0.85,0.2,0.6,0.8,0.7,0.4,0,0.5,0.7,2.3,
376,Jeff Trepagnier,24,DEN,SG,11,0,8.7,0.9,3.5,0.263,0.2,0.4,0.5,0.7,3.1,0.235,0.289,0.3,0.5,0.5,0.5,0.8,1.4,0.4,0.3,0,0.5,0.6,2.3,
377,Dan Langhi,26,2TM,SF,6,0,6.2,0.8,2.3,0.357,0.2,0.3,0.5,0.7,2,0.333,0.393,0.3,0.3,1,0,0.7,0.7,0,0,0,0.3,1.2,2.2,
378,Dan Dickau,25,2TM,PG,43,0,6.8,0.9,2.3,0.378,0.2,0.7,0.333,0.6,1.6,0.397,0.429,0.3,0.3,0.786,0.2,0.4,0.6,0.9,0.4,0,0.6,1,2.2,
379,Bruno Šundov,23,2TM,C,5,0,6.6,0.8,2,0.4,0,0,,0.8,2,0.4,0.4,0.6,1.2,0.5,0.4,1.6,2,0.2,0,0,0.6,1.8,2.2,
380,Jumaine Jones,24,BOS,SG,42,2,8.9,0.8,2.3,0.344,0.3,1,0.295,0.5,1.2,0.385,0.411,0.3,0.5,0.609,0.6,1,1.6,0.3,0.3,0.2,0.5,1.1,2.2,
381,Kendrick Perkins,19,BOS,C,10,0,3.5,0.8,1.5,0.533,0,0,,0.8,1.5,0.533,0.533,0.6,0.9,0.667,0.5,0.9,1.4,0.3,0,0.2,0.5,0.6,2.2,
382,Michael Ruffin,27,UTA,PF,41,23,17.9,0.9,2.9,0.325,0,0,,0.9,2.9,0.325,0.325,0.4,0.9,0.421,1.9,3.1,5,1,0.5,0.5,1,2.5,2.2,
383,Theron Smith,23,MEM,SF,20,0,8.9,0.8,2.2,0.372,0.3,0.6,0.5,0.5,1.6,0.323,0.442,0.3,0.4,0.75,0.7,1.4,2.1,0.4,0.3,0.3,0.7,0.9,2.2,
384,Britton Johnsen,24,ORL,C,20,4,14.5,0.9,3,0.288,0.1,0.6,0.083,0.8,2.4,0.34,0.297,0.4,0.8,0.438,0.8,1.5,2.3,0.6,0.4,0.1,0.7,1.4,2.1,
385,Jabari Smith,26,SAC,C,31,0,5.4,0.8,2.3,0.371,0,0.1,0,0.8,2.2,0.388,0.371,0.4,0.6,0.6,0.4,0.6,1,0.4,0.1,0.2,0.2,0.8,2.1,
386,Tierre Brown,24,NOH,PG,3,0,5.7,0.7,1.3,0.5,0,0,,0.7,1.3,0.5,0.5,0.7,1.3,0.5,0,0.3,0.3,0.7,0,0,2.3,0.3,2,
387,Keon Clark,28,UTA,PF,2,0,13.5,1,3,0.333,0,0,,1,3,0.333,0.333,0,0,,0.5,3,3.5,0.5,0.5,0,0,0.5,2,
388,Hiram Fuller,22,ATL,PF,4,0,10.8,0.8,2,0.375,0,0,,0.8,2,0.375,0.375,0.5,1.5,0.333,1,1.8,2.8,0.5,0,0.3,1,1.3,2,
389,Randy Livingston,28,LAC,PG,4,0,12,0.5,2.5,0.2,0,0.8,0,0.5,1.8,0.286,0.2,1,1.5,0.667,0.5,1.3,1.8,1,0.5,0,1,1.8,2,
390,Leon Smith,23,SEA,C,1,0,4,1,2,0.5,0,0,,1,2,0.5,0.5,0,0,,1,1,2,0,0,0,0,1,2,
391,Ime Udoka,26,LAL,SF,4,0,7,0.8,2.3,0.333,0,0.3,0,0.8,2,0.375,0.333,0.5,1,0.5,0.3,1,1.3,0.5,0.5,0.3,0.8,0.8,2,
392,Gerald Wallace,21,SAC,SF,37,1,9.1,0.9,2.4,0.36,0,0.1,0,0.9,2.4,0.368,0.36,0.3,0.6,0.458,0.9,1.1,2,0.5,0.4,0.4,0.2,1,2,
393,Rodney Buford,26,SAC,SF,22,0,6.4,0.9,2.5,0.339,0,0.1,0,0.9,2.5,0.352,0.339,0.1,0.3,0.5,0.3,0.4,0.7,0.3,0.3,0,0.2,0.4,1.9,
394,Desmond Ferguson,26,POR,SF,7,0,4.6,0.7,1.7,0.417,0.4,1.1,0.375,0.3,0.6,0.5,0.542,0,0.3,0,0,0.6,0.6,0.1,0,0,0.1,0,1.9,
395,Ervin Johnson,36,MIN,C,66,47,14.6,0.8,1.6,0.534,0,0,0,0.8,1.5,0.539,0.534,0.3,0.4,0.607,0.9,2.6,3.5,0.4,0.4,0.7,0.5,2.4,1.9,
396,Amal McCaskill,30,PHI,C,59,3,10.8,0.8,2,0.402,0,0,0,0.8,2,0.405,0.402,0.3,0.5,0.704,0.8,1.4,2.3,0.3,0.2,0.3,0.4,1.5,1.9,
397,Robert Pack,34,NJN,PG,26,0,8.5,0.8,2,0.423,0,0,,0.8,2,0.423,0.423,0.2,0.2,0.833,0.2,0.5,0.7,1,0.5,0,0.6,0.8,1.9,
398,Mike Wilks,24,HOU,PG,26,0,5.6,0.7,1.4,0.472,0.2,0.4,0.6,0.4,1,0.423,0.556,0.4,0.5,0.833,0.1,0.5,0.6,0.7,0.1,0,0.3,0.6,1.9,
399,Troy Bell,23,MEM,PG,6,0,5.7,0.7,3,0.222,0,0.7,0,0.7,2.3,0.286,0.222,0.5,0.5,1,0.5,0.2,0.7,0.7,0.2,0,1,1,1.8,
400,Reece Gaines,23,ORL,PG,38,1,9.6,0.7,2.3,0.291,0.1,0.3,0.3,0.6,2,0.289,0.308,0.4,0.7,0.64,0.2,0.8,1,1.1,0.3,0.1,0.5,0.6,1.8,
401,Darvin Ham,30,DET,SF,54,2,9,0.7,1.4,0.493,0,0,0.5,0.7,1.4,0.493,0.5,0.4,0.6,0.6,0.9,0.9,1.7,0.3,0.2,0.1,0.6,1.2,1.8,
402,Tyrone Hill,35,MIA,PF,5,0,7.6,0.6,1,0.6,0,0,,0.6,1,0.6,0.6,0.6,0.8,0.75,1,0.6,1.6,0,0,0.2,0.4,2,1.8,
403,Dahntay Jones,23,MEM,SG,20,0,7.7,0.8,2.7,0.283,0.1,0.2,0.25,0.7,2.5,0.286,0.292,0.3,0.6,0.455,0.4,0.8,1.2,0.6,0.3,0.3,0.6,1.2,1.8,
404,Alton Ford,22,HOU,PF,9,0,4.6,0.7,1.2,0.545,0,0,,0.7,1.2,0.545,0.545,0.3,0.7,0.5,0.3,0.9,1.2,0.3,0,0.1,0.3,1,1.7,
405,Scot Pollard,28,IND,C,61,3,11.1,0.8,1.9,0.412,0,0,,0.8,1.9,0.412,0.412,0.2,0.3,0.571,1.1,1.6,2.7,0.2,0.4,0.4,0.4,1.8,1.7,
406,Primož Brezec,24,IND,C,18,0,4,0.7,1.4,0.462,0,0,,0.7,1.4,0.462,0.462,0.2,0.3,0.667,0.3,0.6,0.8,0.2,0,0.2,0.3,0.7,1.6,
407,Anthony Goldwire,32,2TM,PG,11,0,7.7,0.6,2,0.318,0.2,0.7,0.25,0.5,1.3,0.357,0.364,0.1,0.1,1,0.1,0.5,0.6,1,0.5,0,0.3,0.5,1.5,
408,Alex Garcia,23,SAS,SG,2,0,6.5,0.5,3.5,0.143,0,0,,0.5,3.5,0.143,0.143,0.5,1,0.5,0,0,0,0,1,0,0.5,0,1.5,
409,Kirk Penney,23,MIA,SG,2,0,9,0.5,3,0.167,0.5,1.5,0.333,0,1.5,0,0.25,0,0,,0,0.5,0.5,0.5,0.5,0,1.5,0.5,1.5,
410,Darko Miličić,18,DET,C,34,0,4.7,0.5,1.9,0.262,0,0,0,0.5,1.9,0.266,0.262,0.4,0.7,0.583,0.3,0.9,1.3,0.2,0.2,0.4,0.4,1,1.4,
411,Bimbo Coles,35,MIA,PG,22,1,7.7,0.5,1.5,0.353,0,0,,0.5,1.5,0.353,0.353,0.2,0.3,0.667,0.1,0.4,0.5,0.7,0.1,0,0.4,1.2,1.3,
412,Josh Davis,23,ATL,PF,4,1,5.8,0.5,1.3,0.4,0,0.5,0,0.5,0.8,0.667,0.4,0.3,0.3,1,0.3,1,1.3,0,0,0,0.5,0.8,1.3,
413,Charles Oakley,40,HOU,PF,7,0,3.6,0.3,0.9,0.333,0,0,,0.3,0.9,0.333,0.333,0.7,0.9,0.833,0,0.7,0.7,0.3,0,0,0.1,1.1,1.3,
414,Matt Carroll,23,2TM,SG,16,0,4.4,0.4,1,0.438,0.1,0.2,0.333,0.4,0.8,0.462,0.469,0.3,0.4,0.667,0.1,0.3,0.4,0.1,0.1,0,0.4,0.5,1.2,
415,Tremaine Fowlkes,27,DET,SF,36,0,7.3,0.4,1.3,0.313,0,0.2,0.125,0.4,1.1,0.35,0.323,0.4,0.5,0.722,0.5,1,1.5,0.4,0.3,0.1,0.3,1,1.2,
416,James Jones,23,IND,SF,6,0,4.3,0.3,1.5,0.222,0.2,0.7,0.25,0.2,0.8,0.2,0.278,0.3,0.3,1,0,0.3,0.3,0,0.2,0,0,0.2,1.2,
417,Mengke Bateer,28,TOR,C,7,0,5.7,0.6,1,0.571,0,0,,0.6,1,0.571,0.571,0,0,,0.7,0.4,1.1,0.1,0.1,0,0.3,1.4,1.1,
418,Quincy Lewis,26,MIN,SF,14,0,4.6,0.5,1.4,0.35,0.1,0.4,0.4,0.4,1.1,0.333,0.4,0,0,,0.1,0.4,0.5,0.1,0.1,0.1,0.2,0.7,1.1,
419,Tracy Murray,32,POR,SF,7,0,5,0.4,1.7,0.25,0.3,0.7,0.4,0.1,1,0.143,0.333,0,0.1,0,0.4,0.3,0.7,0.1,0.1,0,0.3,0.4,1.1,
420,Robert Archibald,23,3TM,PF,32,3,8,0.3,1,0.273,0,0,,0.3,1,0.273,0.273,0.4,1,0.452,0.7,1,1.6,0.4,0.4,0.1,0.3,1.6,1,
421,Jerome Beasley,23,MIA,PF,2,0,2.5,0.5,1.5,0.333,0,0,,0.5,1.5,0.333,0.333,0,0,,0,0.5,0.5,0,0,0,0,0,1,
422,Damone Brown,24,NJN,PF,3,0,5.7,0.3,3.3,0.1,0,0,,0.3,3.3,0.1,0.1,0.3,0.7,0.5,1,0.7,1.7,0,0.7,0,0.3,0.7,1,
423,Pat Garrity,27,ORL,PF,2,0,11,0.5,1.5,0.333,0,0,,0.5,1.5,0.333,0.333,0,0,,0,0,0,0.5,0,0,0,1,1,
424,Ryan Humphrey,24,MEM,PF,2,0,5.5,0.5,2,0.25,0,0.5,0,0.5,1.5,0.333,0.25,0,0,,1,0.5,1.5,0.5,0.5,0,1,1.5,1,
425,Rusty LaRue,30,GSW,PG,4,0,5.5,0.3,0.8,0.333,0.3,0.3,1,0,0.5,0,0.5,0.3,0.5,0.5,0,0.8,0.8,0.5,0.5,0,1,0.5,1,
426,Travis Outlaw,19,POR,PF,8,0,2.4,0.4,0.9,0.429,0,0,,0.4,0.9,0.429,0.429,0.3,0.5,0.5,0.3,0.3,0.5,0.1,0.1,0,0.1,0.1,1,
427,Cherokee Parks,31,GSW,C,12,0,5.3,0.3,0.8,0.4,0,0,,0.3,0.8,0.4,0.4,0.3,0.5,0.667,0.3,0.5,0.8,0.1,0,0.3,0.2,0.6,1,
428,Michael Bradley,24,2TM,C,16,1,6.1,0.4,0.9,0.467,0,0,,0.4,0.9,0.467,0.467,0.1,0.1,0.5,0.4,1.1,1.4,0.1,0.2,0,0.4,0.9,0.9,
429,Ryan Bowen,28,DEN,PF,52,1,7.5,0.3,1,0.34,0,0,,0.3,1,0.34,0.34,0.2,0.2,0.833,0.8,0.9,1.7,0.3,0.3,0.3,0.1,0.9,0.9,
430,Omar Cook,22,POR,PG,17,0,8.2,0.4,1.6,0.259,0,0.1,0,0.4,1.5,0.269,0.259,0,0,,0.2,0.2,0.4,1.4,0.6,0,0.6,0.8,0.8,
431,Bryce Drew,29,NOH,PG,15,0,5.2,0.3,1.2,0.222,0.1,0.5,0.143,0.2,0.7,0.273,0.25,0.2,0.2,1,0,0.4,0.4,0.9,0.3,0,0.5,0.1,0.8,
432,Ndudi Ebi,19,MIN,SF,17,0,1.9,0.4,0.8,0.429,0,0,,0.4,0.8,0.429,0.429,0.1,0.2,0.25,0.1,0.1,0.2,0.2,0,0.2,0.2,0.4,0.8,
433,Adrian Griffin,29,HOU,SG,19,1,7,0.3,0.9,0.278,0.1,0.1,0.5,0.2,0.8,0.25,0.306,0,0.2,0,0.1,0.9,1,0.5,0.4,0.1,0.2,0.9,0.6,
434,Michael Stewart,28,2TM,C,25,2,5.9,0.2,0.5,0.417,0,0,,0.2,0.5,0.417,0.417,0.1,0.2,0.75,0.3,0.8,1.2,0,0.1,0.4,0.1,1.4,0.5,
435,Mark Pope,31,DEN,PF,4,0,5,0.3,0.5,0.5,0,0,,0.3,0.5,0.5,0.5,0,0.3,0,0,0.8,0.8,0,0.3,0,0.8,2,0.5,
436,Ruben Boumtje-Boumtje,25,POR,C,9,0,2.9,0.1,0.6,0.2,0,0,,0.1,0.6,0.2,0.2,0.2,0.2,1,0,0.1,0.1,0.1,0,0.1,0,0.2,0.4,
437,Hubert Davis,33,2TM,SG,17,0,4.6,0.1,0.6,0.091,0,0.1,0,0.1,0.6,0.1,0.091,0.1,0.1,1,0.1,0.4,0.5,0.2,0.1,0,0.2,0.7,0.2,
438,Cezary Trybański,24,2TM,C,7,0,2.1,0,0.6,0,0,0,,0,0.6,0,0,0.1,0.3,0.5,0,0.1,0.1,0,0.1,0.1,0.3,0.4,0.1,
439,Popeye Jones,33,GSW,PF,5,0,2,0,0.4,0,0,0,,0,0.4,0,0,0,0,,0.2,0,0.2,0,0,0,0,0.4,0,
440,Jelani McCoy,26,CLE,C,2,0,6,0,0,,0,0,,0,0,,,0,0,,0.5,1.5,2,0,0,0,0.5,2,0,
441,Olden Polynice,39,LAC,C,2,0,6,0,0,,0,0,,0,0,,,0,0,,0.5,0.5,1,0.5,0.5,0,2,1,0,
442,Slavko Vraneš,21,POR,C,1,0,3,0,1,0,0,0,,0,1,0,0,0,0,,0,0,0,0,0,0,0,1,0,
,League Average,,,,,,,,,0.439,,,0.347,,,0.46,0.471,,,0.752,,,,,,,,,,
